id_image,pct_rouille,rugosite,nb_taches_rouille,label_malade
Corn_Health (1).jpg,0.0,733.2063556158221,0,0
Corn_Health (10).jpg,0.0,879.1710514836022,0,0
Corn_Health (100).jpg,0.0,987.7824140214083,0,0
Corn_Health (1000).jpg,0.0,265.5556013001718,0,0
Corn_Health (1001).jpg,0.0,432.4879419671603,0,0
Corn_Health (1002).jpg,0.0388946533203125,621.988733688403,3,0
Corn_Health (1003).jpg,0.0,838.8756707503787,0,0
Corn_Health (1004).jpg,0.0,2925.505794715809,0,0
Corn_Health (1005).jpg,0.0,2933.188694316158,0,0
Corn_Health (1006).jpg,0.0,1260.4623178129987,0,0
Corn_Health (1007).jpg,0.0,2078.0919354781186,0,0
Corn_Health (1008).jpg,0.0,866.497503326836,0,0
Corn_Health (1009).jpg,0.0,824.7663328555643,0,0
Corn_Health (101).jpg,0.0,2024.1628931005744,0,0
Corn_Health (1010).jpg,0.0,3626.635250193178,0,0
Corn_Health (1011).jpg,0.001953125,2815.665130588048,2,0
Corn_Health (1012).JPG,0.0,2075.1114770176396,0,0
Corn_Health (1013).jpg,3.0517578125e-05,555.7158480825346,0,0
Corn_Health (1014).jpg,0.0,855.4505033569859,0,0
Corn_Health (1015).jpg,0.0,1833.5949381248079,0,0
Corn_Health (1016).jpg,0.0,874.4072996176963,0,0
Corn_Health (1017).jpg,0.0,1974.7493377335036,0,0
Corn_Health (1018).jpg,0.0,1129.6127627177634,0,0
Corn_Health (1019).jpg,0.0,1111.2853191133272,0,0
Corn_Health (102).jpg,0.0,370.99454683070996,0,0
Corn_Health (1020).jpg,0.0,1470.0089709720032,0,0
Corn_Health (1021).jpg,0.0,1769.2070672234859,0,0
Corn_Health (1022).jpg,0.0003204345703125,1780.8764137498133,0,0
Corn_Health (1023).jpg,0.0,641.3340575445599,0,0
Corn_Health (1024).jpg,0.0,467.2941270262564,0,0
Corn_Health (1025).jpg,0.0,1116.8844064403545,0,0
Corn_Health (1026).jpg,0.0,1385.8327955034051,0,0
Corn_Health (1027).jpg,0.0,337.4921186205396,0,0
Corn_Health (1028).JPG,0.0,534.4663717042441,0,0
Corn_Health (1029).jpg,0.0,651.2829552639012,0,0
Corn_Health (103).jpg,0.003173828125,4513.49946227433,2,0
Corn_Health (1030).jpg,0.0,1052.349988857067,0,0
Corn_Health (1031).jpg,0.0,901.555283684743,0,0
Corn_Health (1032).jpg,0.0,2861.965975127462,0,0
Corn_Health (1033).jpg,0.0,3093.093220158541,0,0
Corn_Health (1034).jpg,3.0517578125e-05,1370.748076564019,0,0
Corn_Health (1035).jpg,9.1552734375e-05,1549.506028534547,0,0
Corn_Health (1036).jpg,0.0,4074.815375332858,0,0
Corn_Health (1037).jpg,0.0,3554.025938680692,0,0
Corn_Health (1038).jpg,0.0,4074.1619366923815,0,0
Corn_Health (1039).jpg,0.000274658203125,2589.789461978563,0,0
Corn_Health (104).jpg,0.0,1461.636131826719,0,0
Corn_Health (1040).jpg,0.0,887.5189770600825,0,0
Corn_Health (1041).jpg,0.000579833984375,782.7018909031883,0,0
Corn_Health (1042).jpg,0.0,1184.76769836594,0,0
Corn_Health (1043).jpg,0.0,1493.0095128760554,0,0
Corn_Health (1044).jpg,0.0088653564453125,2078.4074373601406,3,0
Corn_Health (1045).jpg,0.0,300.2403148205524,0,0
Corn_Health (1046).jpg,0.0,1044.2323294885387,0,0
Corn_Health (1047).JPG,0.0,1280.7939370119293,0,0
Corn_Health (1048).jpg,0.0,311.9783489966659,0,0
Corn_Health (1049).jpg,4.57763671875e-05,651.0910207688339,0,0
Corn_Health (105).jpg,0.0010223388671875,683.5957313552522,1,0
Corn_Health (1050).jpg,0.0,659.8571590332217,0,0
Corn_Health (1051).jpg,0.0,1217.4254042604414,0,0
Corn_Health (1052).jpg,3.0517578125e-05,563.3898678303779,0,0
Corn_Health (1053).jpg,0.0,1138.0667837284623,0,0
Corn_Health (1054).jpg,0.0007171630859375,2052.90575354347,1,0
Corn_Health (1055).jpg,0.0,504.4219486228268,0,0
Corn_Health (1056).jpg,0.0008087158203125,1625.0345157772795,1,0
Corn_Health (1057).jpg,0.0,3034.2279302754523,0,0
Corn_Health (1058).jpg,0.0,1204.3635317519024,0,0
Corn_Health (1059).jpg,0.0,2914.0173536034017,0,0
Corn_Health (106).jpg,0.0,793.6164069829772,0,0
Corn_Health (1060).jpg,0.0,3314.6624768304405,0,0
Corn_Health (1061).jpg,0.0,732.8349545386241,0,0
Corn_Health (1062).jpg,0.0,1296.0542178239875,0,0
Corn_Health (1063).jpg,0.0,486.7640982482256,0,0
Corn_Health (1064).jpg,0.0,403.66961981423754,0,0
Corn_Health (1065).jpg,0.0,1442.2434966221226,0,0
Corn_Health (1066).jpg,0.0,2324.1852479617664,0,0
Corn_Health (1067).jpg,0.0,535.2363867292332,0,0
Corn_Health (1068).jpg,0.0,4143.239606759707,0,0
Corn_Health (1069).jpg,0.0,488.79732730105775,0,0
Corn_Health (107).JPG,0.0,4842.095368266607,0,0
Corn_Health (1070).jpg,0.0,3587.185230417519,0,0
Corn_Health (1071).jpg,0.0,682.7126720066702,0,0
Corn_Health (1072).jpg,1.52587890625e-05,1871.5119669881342,0,0
Corn_Health (1073).jpg,0.0,1720.9126416910335,0,0
Corn_Health (1074).jpg,0.0,431.9940866800821,0,0
Corn_Health (1075).jpg,0.0,726.6510628157371,0,0
Corn_Health (1076).jpg,0.0,754.4363338488572,0,0
Corn_Health (1077).jpg,0.0,1000.4937039510625,0,0
Corn_Health (1078).jpg,0.0,2094.5918612526957,0,0
Corn_Health (1079).jpg,0.0021514892578125,1373.5228152976397,1,0
Corn_Health (108).jpg,0.0001220703125,392.8252231771498,0,0
Corn_Health (1080).jpg,0.0,1119.211928759657,0,0
Corn_Health (1081).jpg,0.0,828.7977387878906,0,0
Corn_Health (1082).jpg,0.0,3319.1232343506704,0,0
Corn_Health (1083).jpg,0.0,231.25128492715686,0,0
Corn_Health (1084).jpg,0.0,1936.967785883451,0,0
Corn_Health (1085).jpg,0.000396728515625,708.3654712663015,0,0
Corn_Health (1086).jpg,0.0,1243.5051652457257,0,0
Corn_Health (1087).jpg,0.0031585693359375,3794.2034049765543,1,0
Corn_Health (1088).jpg,0.0,639.4885011409364,0,0
Corn_Health (1089).jpg,0.002410888671875,3172.406036952015,2,0
Corn_Health (109).jpg,1.52587890625e-05,2760.5271360974134,0,0
Corn_Health (1090).jpg,0.0,1241.1935543459172,0,0
Corn_Health (1091).jpg,0.004608154296875,1515.6075651103188,2,0
Corn_Health (1092).jpg,0.0,3544.8428119735254,0,0
Corn_Health (1093).jpg,0.0,1274.975264236658,0,0
Corn_Health (1094).jpg,7.62939453125e-05,748.0510645358609,0,0
Corn_Health (1095).jpg,3.0517578125e-05,388.1454616347051,0,0
Corn_Health (1096).jpg,0.0002288818359375,695.4741598211345,0,0
Corn_Health (1097).jpg,0.0,1024.629747400721,0,0
Corn_Health (1098).jpg,0.000213623046875,1084.0541114037476,0,0
Corn_Health (1099).jpg,0.0,1519.6703895220496,0,0
Corn_Health (11).jpg,0.0,1547.1450946834054,0,0
Corn_Health (110).jpg,0.0,1058.6744913121208,0,0
Corn_Health (1100).jpg,1.52587890625e-05,3003.631611527831,0,0
Corn_Health (1101).jpg,0.0,1554.2686755215343,0,0
Corn_Health (1102).jpg,0.0004730224609375,1774.9450469007725,0,0
Corn_Health (1103).jpg,0.0,876.3461944543653,0,0
Corn_Health (1104).jpg,7.62939453125e-05,871.7661180267326,0,0
Corn_Health (1105).jpg,0.0002593994140625,1438.5923683613648,0,0
Corn_Health (1106).jpg,0.0,1240.1063010215767,0,0
Corn_Health (1107).jpg,0.0005340576171875,2457.2780168562813,0,0
Corn_Health (1108).jpg,0.00018310546875,2572.0219492457536,0,0
Corn_Health (1109).jpg,0.0,1406.1581827068646,0,0
Corn_Health (111).jpg,0.0,850.7036348568854,0,0
Corn_Health (1110).jpg,0.0004730224609375,2819.774589424118,0,0
Corn_Health (1111).jpg,0.0,884.1639415769555,0,0
Corn_Health (1112).jpg,0.0,1024.6025279536352,0,0
Corn_Health (1113).jpg,0.0,3808.26117066248,0,0
Corn_Health (1114).jpg,0.0003509521484375,3487.1283178964713,0,0
Corn_Health (1115).jpg,0.0,544.9867060861977,0,0
Corn_Health (1116).jpg,0.0005035400390625,1510.2236384834341,0,0
Corn_Health (1117).jpg,0.0,1252.621305041428,0,0
Corn_Health (1118).jpg,0.0,1240.1458275125447,0,0
Corn_Health (1119).jpg,0.0,683.185687254447,0,0
Corn_Health (112).jpg,0.0,322.94033111956156,0,0
Corn_Health (1120).jpg,0.0,695.5446626692133,0,0
Corn_Health (1121).jpg,0.0016937255859375,3137.821615361053,2,0
Corn_Health (1122).jpg,0.0001678466796875,1901.3884146975902,0,0
Corn_Health (1123).jpg,0.0,1662.7255941612852,0,0
Corn_Health (1124).jpg,0.0,653.0645244085526,0,0
Corn_Health (1125).jpg,0.0,2671.506915833348,0,0
Corn_Health (1126).jpg,0.0,3771.8274332098026,0,0
Corn_Health (1127).jpg,0.0017547607421875,3057.789522785587,1,0
Corn_Health (1128).jpg,0.002532958984375,1483.5260853772838,1,0
Corn_Health (1129).jpg,0.0,2716.274022421315,0,0
Corn_Health (113).jpg,0.0,1140.1410421411006,0,0
Corn_Health (1130).jpg,0.0,2974.7144825341607,0,0
Corn_Health (1131).jpg,0.0,2824.9143013565636,0,0
Corn_Health (1132).jpg,0.0,2076.7506137141227,0,0
Corn_Health (1133).jpg,0.0,4599.602579115601,0,0
Corn_Health (1134).jpg,0.0,1151.7510021061858,0,0
Corn_Health (1135).jpg,0.0,339.07277856187875,0,0
Corn_Health (1136).jpg,0.0037689208984375,1847.4378274022492,2,0
Corn_Health (1137).jpg,0.0,2171.9364106093753,0,0
Corn_Health (1138).jpg,0.0,666.6366762076732,0,0
Corn_Health (1139).jpg,0.0,1088.9214883868276,0,0
Corn_Health (114).jpg,0.0,1561.0055400503454,0,0
Corn_Health (1140).jpg,0.00067138671875,1586.1378348289986,0,0
Corn_Health (1141).jpg,0.0,3002.1529030755164,0,0
Corn_Health (1142).jpg,0.0,5798.435068317903,0,0
Corn_Health (1143).jpg,0.0016021728515625,3831.5147539323066,1,0
Corn_Health (1144).jpg,0.000335693359375,747.8379871316291,0,0
Corn_Health (1145).jpg,0.0,605.8871100104371,0,0
Corn_Health (1146).jpg,0.0013885498046875,1924.2154030171032,1,0
Corn_Health (1147).jpg,0.0002899169921875,1046.2131627400627,0,0
Corn_Health (1148).jpg,0.0022735595703125,4744.125411461162,0,0
Corn_Health (1149).jpg,0.0,706.3931492555457,0,0
Corn_Health (115).jpg,0.0,2703.8639237185657,0,0
Corn_Health (1150).jpg,0.0,215.9063746920683,0,0
Corn_Health (1151).jpg,0.0,2486.317059197096,0,0
Corn_Health (1152).jpg,0.0,1892.755344056132,0,0
Corn_Health (1153).jpg,0.0,704.6265617043885,0,0
Corn_Health (1154).jpg,0.0,1064.1598759862331,0,0
Corn_Health (1155).jpg,0.0,606.0173106640992,0,0
Corn_Health (1156).jpg,0.0,708.4007435766191,0,0
Corn_Health (1157).jpg,0.0,878.4946879342326,0,0
Corn_Health (1158).jpg,0.0,2052.2527927086603,0,0
Corn_Health (1159).jpg,0.0019989013671875,1131.4389770791227,2,0
Corn_Health (116).jpg,0.0,740.5703715427217,0,0
Corn_Health (1160).jpg,0.0,692.7430706614563,0,0
Corn_Health (1161).jpg,0.0,3564.7900190317064,0,0
Corn_Health (1162).jpg,0.00030517578125,2969.6320628925037,0,0
Corn_Health (117).jpg,0.0016632080078125,2382.226620604192,2,0
Corn_Health (118).jpg,0.0,1387.9426989295455,0,0
Corn_Health (119).jpg,0.0,3382.454422042066,0,0
Corn_Health (12).jpg,0.0106658935546875,1484.6714092950656,1,0
Corn_Health (120).jpg,0.0,690.5604842341727,0,0
Corn_Health (121).jpg,0.0,776.3035728635477,0,0
Corn_Health (122).jpg,0.0003662109375,1265.8896853761157,0,0
Corn_Health (123).jpg,0.0,2867.9186728154973,0,0
Corn_Health (124).jpg,0.0,3056.3057804376344,0,0
Corn_Health (125).jpg,4.57763671875e-05,1746.0604294292098,0,0
Corn_Health (126).jpg,0.0002899169921875,3359.7087035811105,0,0
Corn_Health (127).jpg,0.0,3157.7130586108606,0,0
Corn_Health (128).jpg,0.000701904296875,1250.9523720415864,1,0
Corn_Health (129).jpg,0.0,1083.32779981545,0,0
Corn_Health (13).jpg,0.0,824.59288747904,0,0
Corn_Health (130).jpg,9.1552734375e-05,1962.239044051948,0,0
Corn_Health (131).jpg,0.000579833984375,719.8585276746142,1,0
Corn_Health (132).jpg,0.0,622.0111602091658,0,0
Corn_Health (133).jpg,0.001922607421875,560.7285041534038,2,0
Corn_Health (134).jpg,0.0,1655.4401827798292,0,0
Corn_Health (135).jpg,0.0,3152.559510394213,0,0
Corn_Health (136).jpg,9.1552734375e-05,2716.8716559626655,0,0
Corn_Health (137).jpg,0.0,2019.102744904461,0,0
Corn_Health (138).jpg,0.00054931640625,635.1911408876911,1,0
Corn_Health (139).jpg,0.0,3605.146566650265,0,0
Corn_Health (14).jpg,6.103515625e-05,3605.031341901179,0,0
Corn_Health (140).jpg,0.0,2295.0755931405333,0,0
Corn_Health (141).jpg,0.0,276.9630785973955,0,0
Corn_Health (142).jpg,0.0,800.1096077131008,0,0
Corn_Health (143).jpg,0.0,4252.8493325132895,0,0
Corn_Health (144).jpg,0.00030517578125,1157.9864777925952,0,0
Corn_Health (145).jpg,0.0,3281.3048509971413,0,0
Corn_Health (146).jpg,0.0,948.4052654235506,0,0
Corn_Health (147).jpg,0.0,773.1285365066707,0,0
Corn_Health (148).jpg,0.0,3181.3246955680133,0,0
Corn_Health (149).jpg,3.0517578125e-05,3011.508670637442,0,0
Corn_Health (15).jpg,0.0,334.7985020950555,0,0
Corn_Health (150).jpg,0.0,2589.2811595980197,0,0
Corn_Health (151).jpg,0.005584716796875,847.0867133154951,3,0
Corn_Health (152).jpg,0.0,603.0325171355157,0,0
Corn_Health (153).jpg,0.0,893.3952255344412,0,0
Corn_Health (154).jpg,0.000152587890625,3838.2460403426016,0,0
Corn_Health (155).jpg,0.0,1185.3987276346681,0,0
Corn_Health (156).jpg,0.0,3332.738861806568,0,0
Corn_Health (157).jpg,0.0013427734375,2000.518464747091,1,0
Corn_Health (158).jpg,1.52587890625e-05,1995.7949745547814,0,0
Corn_Health (159).jpg,0.0,714.6746758852657,0,0
Corn_Health (16).jpg,0.0,417.1941145170225,0,0
Corn_Health (160).jpg,0.0,1342.8436305126666,0,0
Corn_Health (161).jpg,0.0,557.1454944756401,0,0
Corn_Health (162).jpg,0.0001220703125,3099.571534644331,0,0
Corn_Health (163).jpg,0.0,1731.301264311382,0,0
Corn_Health (164).jpg,3.0517578125e-05,1005.9844767483035,0,0
Corn_Health (165).jpg,0.0,2741.512716456111,0,0
Corn_Health (166).jpg,0.0,1003.59663927301,0,0
Corn_Health (167).jpg,0.0,2320.4008224016707,0,0
Corn_Health (168).jpg,0.0,611.3467153029517,0,0
Corn_Health (169).jpg,0.0,445.190413052979,0,0
Corn_Health (17).jpg,0.0,998.2956487454505,0,0
Corn_Health (170).jpg,0.0,2462.776771295613,0,0
Corn_Health (171).jpg,0.003631591796875,3488.207670919287,1,0
Corn_Health (172).jpg,3.0517578125e-05,2922.3224296018875,0,0
Corn_Health (173).jpg,0.00042724609375,4095.8973152782346,0,0
Corn_Health (174).jpg,0.0016021728515625,1738.09528481006,1,0
Corn_Health (175).jpg,0.0,649.2991086683417,0,0
Corn_Health (176).JPG,0.0,4089.6821930564247,0,0
Corn_Health (177).jpg,0.0,1815.7916327163216,0,0
Corn_Health (178).jpg,0.0,519.5804384483066,0,0
Corn_Health (179).jpg,0.0035858154296875,4429.313458928022,1,0
Corn_Health (18).jpg,0.0,1056.1027930524808,0,0
Corn_Health (180).jpg,0.0,1440.2697570403607,0,0
Corn_Health (181).jpg,1.52587890625e-05,5400.991515707869,0,0
Corn_Health (182).jpg,0.0,587.87598523367,0,0
Corn_Health (183).jpg,0.0,1350.9107425565549,0,0
Corn_Health (184).jpg,1.52587890625e-05,2665.840183268395,0,0
Corn_Health (185).jpg,0.0,2082.927395302323,0,0
Corn_Health (186).jpg,0.0,2631.6681966847373,0,0
Corn_Health (187).jpg,0.0,552.3241334321159,0,0
Corn_Health (188).jpg,0.0008697509765625,2882.387188290051,1,0
Corn_Health (189).jpg,0.0,1824.7918144202545,0,0
Corn_Health (19).jpg,0.0,693.4025731953229,0,0
Corn_Health (190).jpg,0.0,3213.155794677323,0,0
Corn_Health (191).jpg,0.0,4243.371699536669,0,0
Corn_Health (192).jpg,0.0,2784.807760759323,0,0
Corn_Health (193).jpg,0.00152587890625,595.1549077702086,1,0
Corn_Health (194).jpg,1.52587890625e-05,607.1346719621497,0,0
Corn_Health (195).jpg,0.0001678466796875,671.4015744423857,0,0
Corn_Health (196).jpg,0.006591796875,3141.045415093131,2,0
Corn_Health (197).jpg,0.0,690.1546961891218,0,0
Corn_Health (198).jpg,4.57763671875e-05,4293.6190319248635,0,0
Corn_Health (199).JPG,0.0,4094.68564276875,0,0
Corn_Health (2).jpg,0.0,997.9197040162678,0,0
Corn_Health (20).jpg,0.0,1194.2016220664575,0,0
Corn_Health (200).jpg,9.1552734375e-05,2195.5838617527506,0,0
Corn_Health (201).jpg,0.0021514892578125,1020.3015216025772,1,0
Corn_Health (202).jpg,0.0,1265.959909839381,0,0
Corn_Health (203).jpg,0.0,1797.283734162342,0,0
Corn_Health (204).jpg,0.0,1638.0023987630102,0,0
Corn_Health (205).jpg,0.0001068115234375,2147.4672694448755,0,0
Corn_Health (206).jpg,0.0,1453.3204864433737,0,0
Corn_Health (207).jpg,0.0,505.5308572100457,0,0
Corn_Health (208).jpg,0.0,1539.1367894306907,0,0
Corn_Health (209).jpg,0.0,1317.3799068613469,0,0
Corn_Health (21).jpg,0.0,535.5586327107565,0,0
Corn_Health (210).jpg,0.011199951171875,1865.2467299224859,2,0
Corn_Health (211).jpg,0.0,4984.850255605104,0,0
Corn_Health (212).jpg,0.0001373291015625,3544.3775756114865,0,0
Corn_Health (213).jpg,1.52587890625e-05,1458.9008278083304,0,0
Corn_Health (214).jpg,0.0,1106.27347137402,0,0
Corn_Health (215).jpg,0.0,1187.6921238074672,0,0
Corn_Health (216).jpg,0.0,3350.8744510625993,0,0
Corn_Health (217).jpg,0.0001373291015625,1340.404696987627,0,0
Corn_Health (218).jpg,0.0,1106.382761507824,0,0
Corn_Health (219).jpg,0.0,1974.362510233487,0,0
Corn_Health (22).jpg,0.0001220703125,3832.1447002398927,0,0
Corn_Health (220).jpg,0.0,605.7290856459203,0,0
Corn_Health (221).jpg,0.0,1185.7627378549073,0,0
Corn_Health (222).jpg,1.52587890625e-05,2133.8873554835936,0,0
Corn_Health (223).jpg,0.0,325.97691822100717,0,0
Corn_Health (224).jpg,0.0,3023.718233039974,0,0
Corn_Health (225).jpg,0.00030517578125,8027.825445204742,0,0
Corn_Health (226).jpg,0.0,203.93699929257252,0,0
Corn_Health (227).jpg,0.0004425048828125,1374.4166136997967,0,0
Corn_Health (228).jpg,0.0,664.0943013102383,0,0
Corn_Health (229).jpg,0.00128173828125,586.9944887066961,1,0
Corn_Health (23).jpg,0.000244140625,842.1364881607194,0,0
Corn_Health (230).jpg,0.0,4338.813459121617,0,0
Corn_Health (231).jpg,0.000335693359375,2237.1738707552486,0,0
Corn_Health (232).jpg,6.103515625e-05,1062.1759455599652,0,0
Corn_Health (233).jpg,0.0001220703125,583.7090538301521,0,0
Corn_Health (234).jpg,0.0,3246.9263480474333,0,0
Corn_Health (235).jpg,0.00201416015625,1923.5617203411348,1,0
Corn_Health (236).jpg,0.026336669921875,3002.361441754479,4,0
Corn_Health (237).jpg,0.001739501953125,3000.00911703509,1,0
Corn_Health (238).jpg,0.006988525390625,3012.0162044682847,1,0
Corn_Health (239).jpg,0.0,995.5617386283889,0,0
Corn_Health (24).jpg,0.0024566650390625,1713.6453766500772,1,0
Corn_Health (240).jpg,0.0,2212.0309933233234,0,0
Corn_Health (241).jpg,0.0,1049.7010678728323,0,0
Corn_Health (242).jpg,0.000213623046875,862.9266834030395,0,0
Corn_Health (243).jpg,0.000640869140625,1946.3651879209376,0,0
Corn_Health (244).jpg,0.0,754.3652318564757,0,0
Corn_Health (245).jpg,0.0,639.4854284901216,0,0
Corn_Health (246).jpg,0.0,1373.4308114906426,0,0
Corn_Health (247).jpg,0.0,2439.817604889848,0,0
Corn_Health (248).jpg,0.0,1595.4038663224503,0,0
Corn_Health (249).jpg,0.0,1500.3107600060848,0,0
Corn_Health (25).jpg,0.0,844.999100042148,0,0
Corn_Health (250).jpg,0.0,538.1548629537922,0,0
Corn_Health (251).jpg,0.0,425.0126890284466,0,0
Corn_Health (252).jpg,3.0517578125e-05,3279.3116197461313,0,0
Corn_Health (253).jpg,0.0,1601.6673854516844,0,0
Corn_Health (254).jpg,0.0119781494140625,1051.1713809775626,1,0
Corn_Health (255).jpg,0.0,465.69067260626036,0,0
Corn_Health (256).jpg,9.1552734375e-05,1118.558441403141,0,0
Corn_Health (257).jpg,0.0,4482.726475706424,0,0
Corn_Health (258).jpg,0.0,638.7962723942644,0,0
Corn_Health (259).jpg,0.0,563.3637064816,0,0
Corn_Health (26).jpg,0.0164794921875,4553.22466864566,4,0
Corn_Health (260).jpg,0.0010223388671875,2338.5217142750207,1,0
Corn_Health (261).jpg,0.0,1561.7525587897667,0,0
Corn_Health (262).jpg,0.0,2847.7515974845273,0,0
Corn_Health (263).jpg,0.0,916.2957266758317,0,0
Corn_Health (264).jpg,0.0,550.0962494016921,0,0
Corn_Health (265).jpg,0.0,577.091677297681,0,0
Corn_Health (266).jpg,0.0,2335.9302558395807,0,0
Corn_Health (267).jpg,0.0020751953125,1305.5106349118048,1,0
Corn_Health (268).jpg,0.0,748.0452733241426,0,0
Corn_Health (269).jpg,0.003326416015625,1436.7983290867198,1,0
Corn_Health (27).jpg,4.57763671875e-05,1593.9633760452316,0,0
Corn_Health (270).jpg,0.0,850.0977592307269,0,0
Corn_Health (271).jpg,0.0,1572.2381092022847,0,0
Corn_Health (272).jpg,0.0,464.0554366438191,0,0
Corn_Health (273).jpg,0.0,2601.8482786177306,0,0
Corn_Health (274).jpg,6.103515625e-05,2669.6538191694017,0,0
Corn_Health (275).jpg,0.0,960.7832936105622,0,0
Corn_Health (276).JPG,0.0,9598.668538256205,0,0
Corn_Health (277).jpg,0.0,646.8716197990516,0,0
Corn_Health (278).jpg,0.0,1540.1363565891802,0,0
Corn_Health (279).jpg,0.0,842.3964679857861,0,0
Corn_Health (28).jpg,0.0,931.5159027159875,0,0
Corn_Health (280).jpg,0.0,269.95107791940745,0,0
Corn_Health (281).jpg,0.0,1949.2490370031915,0,0
Corn_Health (282).jpg,0.0,2391.027745720588,0,0
Corn_Health (283).JPG,0.0,5635.288750868314,0,0
Corn_Health (284).jpg,0.0003662109375,3580.989519499366,0,0
Corn_Health (285).jpg,0.0,1629.9185125908375,0,0
Corn_Health (286).jpg,0.0,1882.7646468916869,0,0
Corn_Health (287).jpg,0.0,533.5911763623977,0,0
Corn_Health (288).jpg,0.0012969970703125,2382.0725791769164,1,0
Corn_Health (289).jpg,0.0004425048828125,1490.7861031233665,0,0
Corn_Health (29).jpg,0.0,2250.7897629973763,0,0
Corn_Health (290).jpg,0.0002593994140625,893.391153551003,0,0
Corn_Health (291).jpg,0.0,2388.8957210193857,0,0
Corn_Health (292).jpg,0.0,2930.333133344459,0,0
Corn_Health (293).jpg,0.000396728515625,706.3259669688946,0,0
Corn_Health (294).jpg,0.001220703125,462.01762171633703,1,0
Corn_Health (295).jpg,0.0,1086.017950330306,0,0
Corn_Health (296).jpg,0.000244140625,3057.6679105864246,0,0
Corn_Health (297).jpg,0.0,1564.3710333327845,0,0
Corn_Health (298).jpg,0.0,646.8195997983179,0,0
Corn_Health (299).jpg,0.0,1767.0897062942104,0,0
Corn_Health (3).jpg,0.0,757.3600399893201,0,0
Corn_Health (30).jpg,0.0,1175.672755204323,0,0
Corn_Health (300).jpg,0.0,2883.0362375917957,0,0
Corn_Health (301).jpg,0.0,5242.941676277606,0,0
Corn_Health (302).jpg,0.0,816.0848549125953,0,0
Corn_Health (303).jpg,0.0002899169921875,681.1586488379475,0,0
Corn_Health (304).jpg,0.0,2246.2560803789966,0,0
Corn_Health (305).jpg,0.0,2470.7190175454416,0,0
Corn_Health (306).jpg,0.0,4198.487159769677,0,0
Corn_Health (307).jpg,0.0,1842.0910150197294,0,0
Corn_Health (308).jpg,0.000518798828125,1267.6319444349424,1,0
Corn_Health (309).jpg,0.0,590.655975605318,0,0
Corn_Health (31).jpg,0.0,1394.6835498809844,0,0
Corn_Health (310).JPG,0.0,3142.0871634569476,0,0
Corn_Health (311).jpg,0.0,445.6761510698424,0,0
Corn_Health (312).JPG,0.0003509521484375,1572.6186773021213,0,0
Corn_Health (313).jpg,0.0,2283.401366586979,0,0
Corn_Health (314).jpg,0.0,924.8991528653771,0,0
Corn_Health (315).jpg,0.0,1859.6961175868796,0,0
Corn_Health (316).jpg,0.0,590.6743982688732,0,0
Corn_Health (317).jpg,0.0,402.4115590262497,0,0
Corn_Health (318).jpg,0.000152587890625,2141.111562926278,0,0
Corn_Health (319).jpg,9.1552734375e-05,1255.5214963268868,0,0
Corn_Health (32).jpg,0.001129150390625,1669.6571899297746,1,0
Corn_Health (320).jpg,0.0,1850.20502727466,0,0
Corn_Health (321).jpg,0.0,364.80608804967125,0,0
Corn_Health (322).jpg,6.103515625e-05,1041.099039757662,0,0
Corn_Health (323).jpg,0.0,1038.6517506211476,0,0
Corn_Health (324).jpg,0.0122528076171875,2506.967871774811,1,0
Corn_Health (325).jpg,0.0,1024.7523273889838,0,0
Corn_Health (326).jpg,0.0,1011.7276134356678,0,0
Corn_Health (327).jpg,0.0,406.06937581946517,0,0
Corn_Health (328).jpg,0.0004730224609375,3139.8611631423237,0,0
Corn_Health (329).jpg,0.0,2604.987971856658,0,0
Corn_Health (33).jpg,0.0,421.06265075655966,0,0
Corn_Health (330).jpg,0.0,1044.4089613041003,0,0
Corn_Health (331).jpg,0.00048828125,2718.727906272862,0,0
Corn_Health (332).jpg,0.0059814453125,5324.5142610860075,3,0
Corn_Health (333).jpg,0.0,485.03239647304497,0,0
Corn_Health (334).jpg,0.0,680.1247094174867,0,0
Corn_Health (335).jpg,0.0,1627.7424610486023,0,0
Corn_Health (336).jpg,0.0,400.8202391369131,0,0
Corn_Health (337).jpg,0.0,1980.56175620763,0,0
Corn_Health (338).jpg,0.0,2426.0611487564584,0,0
Corn_Health (339).jpg,0.0018463134765625,2981.7851972102485,1,0
Corn_Health (34).jpg,0.0,1874.8736844484265,0,0
Corn_Health (340).jpg,0.0005645751953125,2759.031134049184,1,0
Corn_Health (341).jpg,0.0,906.2153019806367,0,0
Corn_Health (342).jpg,0.0,2929.174322925038,0,0
Corn_Health (343).jpg,0.0,2049.0714482082667,0,0
Corn_Health (344).jpg,0.0003662109375,4244.335367227455,0,0
Corn_Health (345).jpg,0.0,3010.486528549832,0,0
Corn_Health (346).jpg,0.0001678466796875,2801.33461331076,0,0
Corn_Health (347).jpg,0.0,809.4640628646933,0,0
Corn_Health (348).jpg,0.0,294.18980657462805,0,0
Corn_Health (349).jpg,0.0,2389.3235575533945,0,0
Corn_Health (35).jpg,0.0,3287.0752779539234,0,0
Corn_Health (350).jpg,0.0,1305.0778375146683,0,0
Corn_Health (351).jpg,0.0,1838.4286180384042,0,0
Corn_Health (352).jpg,0.001617431640625,3477.039743935172,1,0
Corn_Health (353).jpg,0.001190185546875,735.5753828169084,0,0
Corn_Health (354).jpg,0.0,713.5523536962753,0,0
Corn_Health (355).jpg,3.0517578125e-05,3806.766537733175,0,0
Corn_Health (356).jpg,3.0517578125e-05,2133.3772140309434,0,0
Corn_Health (357).jpg,0.0,1477.134741439738,0,0
Corn_Health (358).jpg,0.0,641.5902671224862,0,0
Corn_Health (359).jpg,3.0517578125e-05,1022.2941521207798,0,0
Corn_Health (36).jpg,0.0001068115234375,463.7930137676978,0,0
Corn_Health (360).jpg,0.0,690.2958238461879,0,0
Corn_Health (361).jpg,0.0,520.5495257198019,0,0
Corn_Health (362).jpg,0.0,886.5446667671803,0,0
Corn_Health (363).jpg,0.0,192.7013904045599,0,0
Corn_Health (364).jpg,0.0,1125.990488489305,0,0
Corn_Health (365).jpg,0.0,822.9573952354441,0,0
Corn_Health (366).jpg,0.000152587890625,2560.4125574498225,0,0
Corn_Health (367).jpg,0.0,1388.454089663638,0,0
Corn_Health (368).jpg,0.0,2073.196546593327,0,0
Corn_Health (369).jpg,0.0,3466.309739227714,0,0
Corn_Health (37).jpg,0.0,541.5276082898915,0,0
Corn_Health (370).jpg,0.0001983642578125,524.6225145059813,0,0
Corn_Health (371).jpg,0.0041961669921875,2754.2488985990403,1,0
Corn_Health (372).jpg,0.0,4164.025531745394,0,0
Corn_Health (373).jpg,0.0,1105.0818990380512,0,0
Corn_Health (374).jpg,1.52587890625e-05,1927.8316809754751,0,0
Corn_Health (375).jpg,0.0,3653.418661529685,0,0
Corn_Health (376).jpg,0.0,703.111982094669,0,0
Corn_Health (377).jpg,0.0027923583984375,1793.7722541320138,1,0
Corn_Health (378).jpg,0.0028228759765625,3378.687854327274,1,0
Corn_Health (379).jpg,0.0025482177734375,1643.9551269963545,1,0
Corn_Health (38).jpg,0.0019073486328125,950.5565597185966,1,0
Corn_Health (380).jpg,0.0,954.4565399838417,0,0
Corn_Health (381).jpg,0.0,458.2424925925735,0,0
Corn_Health (382).jpg,0.0,2152.887451568845,0,0
Corn_Health (383).jpg,0.0,1561.5402378043316,0,0
Corn_Health (384).jpg,0.0,1629.0297136775985,0,0
Corn_Health (385).jpg,0.0,429.7237980884599,0,0
Corn_Health (386).jpg,0.0,1366.9361599091906,0,0
Corn_Health (387).jpg,0.0001678466796875,536.2797933398415,0,0
Corn_Health (388).jpg,0.0003509521484375,746.6576623183062,0,0
Corn_Health (389).jpg,0.0,417.8480678711208,0,0
Corn_Health (39).jpg,0.0,495.50922768330673,0,0
Corn_Health (390).jpg,0.0,1117.9093099498352,0,0
Corn_Health (391).jpg,0.0013580322265625,2214.1668596769923,1,0
Corn_Health (392).jpg,0.0,4862.2653634886665,0,0
Corn_Health (393).jpg,0.0,587.8562994810047,0,0
Corn_Health (394).jpg,0.0,3420.1057978444173,0,0
Corn_Health (395).jpg,4.57763671875e-05,887.0921134669475,0,0
Corn_Health (396).jpg,0.0,2319.041613468435,0,0
Corn_Health (397).jpg,0.0,1505.977830090971,0,0
Corn_Health (398).jpg,0.0,3199.35471626853,0,0
Corn_Health (399).jpg,0.0006561279296875,3839.1938286965965,0,0
Corn_Health (4).jpg,7.62939453125e-05,531.0595425039318,0,0
Corn_Health (40).jpg,0.0,1503.364989728353,0,0
Corn_Health (400).jpg,0.0,1080.4770341117974,0,0
Corn_Health (401).jpg,0.0011749267578125,278.7189914600146,1,0
Corn_Health (402).jpg,0.0,610.9780606935913,0,0
Corn_Health (403).jpg,0.0009918212890625,2908.5270809780322,1,0
Corn_Health (404).jpg,0.0001678466796875,1875.6128694098243,0,0
Corn_Health (405).JPG,0.0,4428.510828306049,0,0
Corn_Health (406).jpg,0.0008392333984375,3492.136590678292,1,0
Corn_Health (407).jpg,0.0,1212.4033006328714,0,0
Corn_Health (408).jpg,0.0,4920.296466399075,0,0
Corn_Health (409).jpg,0.0,621.0031742480421,0,0
Corn_Health (41).jpg,0.0,826.4287023912717,0,0
Corn_Health (410).jpg,0.0,2438.5846802773026,0,0
Corn_Health (411).jpg,0.0,692.4580988280456,0,0
Corn_Health (412).jpg,0.0,514.833966866194,0,0
Corn_Health (413).jpg,0.0123443603515625,2808.412043963245,2,0
Corn_Health (414).jpg,0.0058746337890625,2393.5721588773476,2,0
Corn_Health (415).jpg,0.0,417.76468434565606,0,0
Corn_Health (416).jpg,0.0,809.2910942672783,0,0
Corn_Health (417).jpg,0.0,1416.8980171555572,0,0
Corn_Health (418).jpg,0.0,421.52332924246934,0,0
Corn_Health (419).jpg,0.0021209716796875,1903.6063270458692,1,0
Corn_Health (42).jpg,0.0,3518.7763877057223,0,0
Corn_Health (420).jpg,0.0,908.3862315426964,0,0
Corn_Health (421).jpg,0.0,1876.7197980815258,0,0
Corn_Health (422).jpg,0.0,1625.7985308311543,0,0
Corn_Health (423).jpg,0.0,656.2394036138814,0,0
Corn_Health (424).jpg,0.0,1475.9848719557426,0,0
Corn_Health (425).jpg,0.0171661376953125,1955.1995809159516,2,0
Corn_Health (426).jpg,0.006500244140625,2343.7980062617153,4,0
Corn_Health (427).jpg,0.001312255859375,3998.9605310540383,0,0
Corn_Health (428).jpg,0.0,1209.5816598510057,0,0
Corn_Health (429).jpg,4.57763671875e-05,807.8762418673684,0,0
Corn_Health (43).jpg,9.1552734375e-05,1022.189195492401,0,0
Corn_Health (430).jpg,0.0,896.3128468389045,0,0
Corn_Health (431).jpg,0.050750732421875,4546.185991310073,6,0
Corn_Health (432).jpg,0.000518798828125,1627.6934640018344,1,0
Corn_Health (433).jpg,6.103515625e-05,489.0990882327062,0,0
Corn_Health (434).jpg,0.0006103515625,2429.623615790647,0,0
Corn_Health (435).JPG,0.0,4533.063470718784,0,0
Corn_Health (436).jpg,0.0,3453.713157198312,0,0
Corn_Health (437).jpg,0.0,2934.1938683853446,0,0
Corn_Health (438).jpg,0.0,2864.85637455919,0,0
Corn_Health (439).jpg,1.52587890625e-05,3310.5373783834975,0,0
Corn_Health (44).jpg,0.0,3169.3301025040973,0,0
Corn_Health (440).jpg,3.0517578125e-05,1713.7851666075812,0,0
Corn_Health (441).jpg,0.0,3204.1013476140565,0,0
Corn_Health (442).jpg,3.0517578125e-05,1065.5947047623172,0,0
Corn_Health (443).jpg,3.0517578125e-05,1581.6997182798327,0,0
Corn_Health (444).jpg,0.00128173828125,2712.6848580935366,1,0
Corn_Health (445).jpg,0.0,794.0550223344803,0,0
Corn_Health (446).jpg,0.0,1151.8273683241814,0,0
Corn_Health (447).jpg,0.0,1779.7815164096412,0,0
Corn_Health (448).jpg,0.0,1514.799886860936,0,0
Corn_Health (449).jpg,0.0,3032.8924316650346,0,0
Corn_Health (45).jpg,0.0,893.8282795421667,0,0
Corn_Health (450).jpg,0.0,528.5835514882943,0,0
Corn_Health (451).jpg,0.0,2324.7854731261195,0,0
Corn_Health (452).jpg,0.0032958984375,3215.694597854973,1,0
Corn_Health (453).jpg,0.0,530.3990388848688,0,0
Corn_Health (454).jpg,0.0,626.6768649348255,0,0
Corn_Health (455).jpg,0.0006103515625,2984.351976164061,1,0
Corn_Health (456).jpg,0.0001068115234375,719.4475456519015,0,0
Corn_Health (457).jpg,0.01263427734375,1315.277127930694,3,0
Corn_Health (458).jpg,0.0048980712890625,2684.0598925076083,2,0
Corn_Health (459).JPG,0.0006256103515625,3197.146101081028,1,0
Corn_Health (46).jpg,0.0,605.708679268688,0,0
Corn_Health (460).jpg,0.0,1058.2877171154364,0,0
Corn_Health (461).jpg,1.52587890625e-05,669.4584213327892,0,0
Corn_Health (462).JPG,0.0,2484.7748318703552,0,0
Corn_Health (463).jpg,0.0,2623.487223262164,0,0
Corn_Health (464).jpg,0.0038604736328125,1302.2636702729267,1,0
Corn_Health (465).jpg,0.0,744.9384138027543,0,0
Corn_Health (466).jpg,0.001678466796875,1717.4992487311788,1,0
Corn_Health (467).jpg,0.0,783.5577394306629,0,0
Corn_Health (468).jpg,0.0005645751953125,749.4759488319489,1,0
Corn_Health (469).jpg,0.0,378.8675338596793,0,0
Corn_Health (47).jpg,0.0,510.7487982128913,0,0
Corn_Health (470).jpg,0.0,204.3802776776464,0,0
Corn_Health (471).jpg,0.0001373291015625,1909.8951581056447,0,0
Corn_Health (472).jpg,0.0044403076171875,2615.637919590224,2,0
Corn_Health (473).jpg,0.0,1031.769398675037,0,0
Corn_Health (474).jpg,0.0,2052.246728867036,0,0
Corn_Health (475).jpg,0.0,1744.1758027099208,0,0
Corn_Health (476).jpg,0.0,2250.8663164243535,0,0
Corn_Health (477).jpg,0.0,982.389523020137,0,0
Corn_Health (478).jpg,0.0,667.5763505987093,0,0
Corn_Health (479).JPG,0.0,1727.0886007487024,0,0
Corn_Health (48).jpg,1.52587890625e-05,812.7323159266498,0,0
Corn_Health (480).jpg,0.0151214599609375,3780.777297981601,2,0
Corn_Health (481).JPG,0.0,3627.69521944127,0,0
Corn_Health (482).jpg,0.0,852.0096009694068,0,0
Corn_Health (483).jpg,0.0,605.7064646002462,0,0
Corn_Health (484).jpg,0.0,4663.424066373354,0,0
Corn_Health (485).jpg,0.0,2843.61570498284,0,0
Corn_Health (486).jpg,0.0,470.0777565765164,0,0
Corn_Health (487).jpg,0.0,1349.4296874778663,0,0
Corn_Health (488).jpg,0.0,4895.26489702381,0,0
Corn_Health (489).jpg,0.0001068115234375,2085.2751949664375,0,0
Corn_Health (49).jpg,0.0,1394.1170065099204,0,0
Corn_Health (490).jpg,0.0,325.92012258042877,0,0
Corn_Health (491).jpg,0.0,523.488399715681,0,0
Corn_Health (492).jpg,0.0046539306640625,1712.0925607264464,1,0
Corn_Health (493).jpg,0.0,245.68008222168004,0,0
Corn_Health (494).jpg,0.0,921.0463544907025,0,0
Corn_Health (495).jpg,0.0,890.6208564220966,0,0
Corn_Health (496).jpg,0.0,1473.3771916919945,0,0
Corn_Health (497).jpg,0.0,1462.9290592234488,0,0
Corn_Health (498).jpg,0.0,2176.7869612851227,0,0
Corn_Health (499).jpg,0.0,2551.867173443502,0,0
Corn_Health (5).jpg,0.0,2466.971266085644,0,0
Corn_Health (50).jpg,0.0,1660.5877128168545,0,0
Corn_Health (500).jpg,0.0,3289.164597317173,0,0
Corn_Health (501).jpg,0.0,753.3466783435074,0,0
Corn_Health (502).jpg,0.0,1197.9140657170278,0,0
Corn_Health (503).jpg,0.0,1007.4897186995931,0,0
Corn_Health (504).jpg,0.0,566.8659199094279,0,0
Corn_Health (505).jpg,0.0,2032.3831232462949,0,0
Corn_Health (506).jpg,0.0,654.7092350444426,0,0
Corn_Health (507).jpg,0.000244140625,1550.9128011761923,0,0
Corn_Health (508).jpg,0.0,1753.6534898052769,0,0
Corn_Health (509).jpg,0.0,5136.161453466433,0,0
Corn_Health (51).jpg,0.0,534.0710409807862,0,0
Corn_Health (510).jpg,0.0,798.5132535013322,0,0
Corn_Health (511).jpg,0.0,1562.1903803130608,0,0
Corn_Health (512).jpg,0.0,2777.487297568291,0,0
Corn_Health (513).jpg,0.0,2524.753261562102,0,0
Corn_Health (514).jpg,0.0,865.2558392737675,0,0
Corn_Health (515).jpg,0.0,168.8689260317916,0,0
Corn_Health (516).jpg,0.000518798828125,3010.8895334453077,0,0
Corn_Health (517).jpg,0.0022430419921875,1746.9428928367013,1,0
Corn_Health (518).jpg,0.010467529296875,2514.403654961191,3,0
Corn_Health (519).jpg,0.0231170654296875,4308.617786241812,1,0
Corn_Health (52).jpg,0.00030517578125,1000.6733292592361,0,0
Corn_Health (520).jpg,0.0,463.68398574543954,0,0
Corn_Health (521).jpg,0.0001373291015625,2542.2379766621652,0,0
Corn_Health (522).jpg,0.0,2266.0216327883845,0,0
Corn_Health (523).jpg,0.0,2005.2232575645257,0,0
Corn_Health (524).jpg,0.0001220703125,1281.8801522017457,0,0
Corn_Health (525).jpg,0.0,2069.210630283861,0,0
Corn_Health (526).jpg,0.0,1929.6968648025177,0,0
Corn_Health (527).jpg,0.0,1310.050055203385,0,0
Corn_Health (528).jpg,0.0,1353.6561969790673,0,0
Corn_Health (529).jpg,0.0028076171875,2765.0123989122753,2,0
Corn_Health (53).jpg,0.0,3487.1309232052654,0,0
Corn_Health (530).jpg,0.0,2960.1356535444365,0,0
Corn_Health (531).jpg,0.0,2266.9492479984942,0,0
Corn_Health (532).jpg,0.0026702880859375,1716.612211711547,1,0
Corn_Health (533).jpg,6.103515625e-05,3301.2032851053946,0,0
Corn_Health (534).jpg,0.0,1319.7275201003092,0,0
Corn_Health (535).jpg,0.0,505.8565760971237,0,0
Corn_Health (536).jpg,0.0,4854.851043959353,0,0
Corn_Health (537).jpg,0.0,1420.2949971512935,0,0
Corn_Health (538).jpg,0.0,1594.282702662666,0,0
Corn_Health (539).jpg,0.0,446.8990727482792,0,0
Corn_Health (54).jpg,0.0002288818359375,973.9823407849042,0,0
Corn_Health (540).jpg,0.0,880.9383302317625,0,0
Corn_Health (541).jpg,0.0,3132.3380623159014,0,0
Corn_Health (542).jpg,0.0,989.4901585592254,0,0
Corn_Health (543).jpg,0.0,1169.1581440717623,0,0
Corn_Health (544).jpg,0.0,568.6636449870853,0,0
Corn_Health (545).jpg,0.0,421.0595328874799,0,0
Corn_Health (546).jpg,0.0,791.6903559741583,0,0
Corn_Health (547).jpg,0.0,2264.2160040888375,0,0
Corn_Health (548).jpg,0.0,2255.6182461678027,0,0
Corn_Health (549).jpg,0.0,4515.47378896621,0,0
Corn_Health (55).jpg,0.0028076171875,3257.424760445566,2,0
Corn_Health (550).jpg,0.00860595703125,3809.916784666632,4,0
Corn_Health (551).jpg,0.0,2858.8578942267077,0,0
Corn_Health (552).jpg,0.0342559814453125,3812.413320961393,1,0
Corn_Health (553).jpg,0.0,1051.0430961592838,0,0
Corn_Health (554).jpg,0.0,5780.358508059232,0,0
Corn_Health (555).jpg,0.0,1544.7338998815771,0,0
Corn_Health (556).jpg,0.0,558.0876055789163,0,0
Corn_Health (557).jpg,0.0,5288.089431554728,0,0
Corn_Health (558).jpg,0.000152587890625,1835.1176290324142,0,0
Corn_Health (559).jpg,0.0007781982421875,3255.254213531799,1,0
Corn_Health (56).jpg,0.0,1181.1359417965953,0,0
Corn_Health (560).jpg,0.0067138671875,1782.1809071055065,2,0
Corn_Health (561).jpg,0.0024261474609375,1692.110535655165,3,0
Corn_Health (562).jpg,0.0,574.3994666928897,0,0
Corn_Health (563).jpg,0.0,3051.1803815347516,0,0
Corn_Health (564).jpg,0.0,997.4010868782293,0,0
Corn_Health (565).jpg,0.0023956298828125,1499.0247646979458,2,0
Corn_Health (566).jpg,0.0058441162109375,3654.873231892186,4,0
Corn_Health (567).jpg,0.0,2312.0798273605087,0,0
Corn_Health (568).jpg,0.0005340576171875,1353.8803777457215,0,0
Corn_Health (569).jpg,0.004638671875,2207.4988227093663,1,0
Corn_Health (57).jpg,0.0,1035.3297481245136,0,0
Corn_Health (570).jpg,0.0,2030.7509759631675,0,0
Corn_Health (571).jpg,0.0,579.8346944945549,0,0
Corn_Health (572).jpg,0.0,3019.3351249796715,0,0
Corn_Health (573).jpg,0.0,3053.303615775696,0,0
Corn_Health (574).jpg,0.0,696.7432475068956,0,0
Corn_Health (575).jpg,0.0,2743.693873613853,0,0
Corn_Health (576).jpg,0.0,837.7021514393488,0,0
Corn_Health (577).jpg,0.006439208984375,2398.7161728836754,2,0
Corn_Health (578).jpg,0.0,461.94105454064174,0,0
Corn_Health (579).jpg,0.0,2857.4976222548225,0,0
Corn_Health (58).jpg,0.0,1557.3086073792592,0,0
Corn_Health (580).jpg,0.0,921.0875341198648,0,0
Corn_Health (581).jpg,0.0,952.6715137264398,0,0
Corn_Health (582).jpg,0.000579833984375,2673.724124366363,0,0
Corn_Health (583).jpg,0.0,450.19381180407674,0,0
Corn_Health (584).jpg,0.0,1013.0289006564192,0,0
Corn_Health (585).jpg,0.000244140625,363.05128554280054,0,0
Corn_Health (586).jpg,0.0,1382.3387784622469,0,0
Corn_Health (587).jpg,0.0,614.335917406996,0,0
Corn_Health (588).jpg,0.0,1554.7051126212095,0,0
Corn_Health (589).jpg,0.0,2152.9177394939834,0,0
Corn_Health (59).jpg,0.0,2149.483532454278,0,0
Corn_Health (590).jpg,0.0,323.7837040280615,0,0
Corn_Health (591).jpg,0.0,1268.2048290663415,0,0
Corn_Health (592).jpg,0.00128173828125,2279.234382957839,1,0
Corn_Health (593).jpg,0.0,2323.480485146769,0,0
Corn_Health (594).jpg,0.0,1965.9462788361534,0,0
Corn_Health (595).jpg,0.0,1280.7680376772146,0,0
Corn_Health (596).jpg,0.0,1402.6337654020438,0,0
Corn_Health (597).jpg,0.0003509521484375,1973.2935330182545,0,0
Corn_Health (598).jpg,0.0,1017.5371805739105,0,0
Corn_Health (599).jpg,0.0015869140625,4216.198574680764,1,0
Corn_Health (6).jpg,0.0,769.7471052008534,0,0
Corn_Health (60).jpg,0.0,615.7314200782791,0,0
Corn_Health (600).jpg,7.62939453125e-05,1105.4261850881257,0,0
Corn_Health (601).jpg,0.0,1311.5899371948149,0,0
Corn_Health (602).jpg,0.0,1939.5307470607488,0,0
Corn_Health (603).jpg,0.0,431.2696211585895,0,0
Corn_Health (604).jpg,0.0,1028.1806400181322,0,0
Corn_Health (605).jpg,0.00018310546875,2672.5516662936775,0,0
Corn_Health (606).jpg,0.0,1822.8031257995808,0,0
Corn_Health (607).jpg,0.0,3328.7928088325157,0,0
Corn_Health (608).jpg,0.0053863525390625,2145.9614148729897,2,0
Corn_Health (609).jpg,0.0,1845.6172243087067,0,0
Corn_Health (61).jpg,0.0,2939.8931409429624,0,0
Corn_Health (610).jpg,0.0,1660.3356124058073,0,0
Corn_Health (611).jpg,0.0,601.840603396329,0,0
Corn_Health (612).jpg,0.0,384.13341961152605,0,0
Corn_Health (613).jpg,0.0,6980.703894156541,0,0
Corn_Health (614).jpg,0.00531005859375,2197.5816207065322,1,0
Corn_Health (615).jpg,0.0,685.0636770329659,0,0
Corn_Health (616).jpg,0.000244140625,3722.8260162009483,0,0
Corn_Health (617).JPG,0.0,3056.9208213882553,0,0
Corn_Health (618).jpg,0.0,2312.9466353492626,0,0
Corn_Health (619).jpg,0.0011444091796875,2816.5080709365425,0,0
Corn_Health (62).jpg,0.0,2541.5074424142613,0,0
Corn_Health (620).jpg,0.0,4887.410433954108,0,0
Corn_Health (621).jpg,0.0,3018.6904798661326,0,0
Corn_Health (622).jpg,0.0,2109.5337136629555,0,0
Corn_Health (623).jpg,0.0,3955.6874101922517,0,0
Corn_Health (624).jpg,0.0,939.9180171730397,0,0
Corn_Health (625).jpg,0.0,686.0121235033043,0,0
Corn_Health (626).jpg,0.0,3916.355141687959,0,0
Corn_Health (627).jpg,0.0,2219.178870451574,0,0
Corn_Health (628).jpg,0.0,1907.743582520709,0,0
Corn_Health (629).jpg,0.00909423828125,1373.328636312796,1,0
Corn_Health (63).jpg,0.0044097900390625,3403.676137127489,1,0
Corn_Health (630).jpg,6.103515625e-05,2195.8285840512913,0,0
Corn_Health (631).jpg,0.0,606.7324352689159,0,0
Corn_Health (632).jpg,0.0,2376.801716759407,0,0
Corn_Health (633).jpg,0.0,1910.5268326421917,0,0
Corn_Health (634).jpg,0.0,466.05530591656225,0,0
Corn_Health (635).jpg,0.0,2237.2010209436085,0,0
Corn_Health (636).jpg,0.0,874.6822812923548,0,0
Corn_Health (637).jpg,0.0,742.2540110943883,0,0
Corn_Health (638).jpg,0.0,1183.3340374292932,0,0
Corn_Health (639).jpg,0.0,2971.9208186238166,0,0
Corn_Health (64).jpg,0.0,268.221286141101,0,0
Corn_Health (640).jpg,0.0,556.3629015957521,0,0
Corn_Health (641).jpg,0.0,829.8013762451958,0,0
Corn_Health (642).jpg,0.0,549.1078494680039,0,0
Corn_Health (643).jpg,0.0076904296875,2490.0187058644988,1,0
Corn_Health (644).jpg,0.0,4854.019834858894,0,0
Corn_Health (645).jpg,0.0,2256.8242467838586,0,0
Corn_Health (646).jpg,0.0,631.3728605287588,0,0
Corn_Health (647).jpg,0.000457763671875,1242.2836082780318,0,0
Corn_Health (648).jpg,0.0,3471.128782193169,0,0
Corn_Health (649).jpg,0.0,866.8110755758988,0,0
Corn_Health (65).jpg,0.0,2471.176326597797,0,0
Corn_Health (650).jpg,0.0,986.5373080267796,0,0
Corn_Health (651).jpg,0.0,1096.1827192901223,0,0
Corn_Health (652).jpg,0.0,1344.778532663816,0,0
Corn_Health (653).jpg,0.0025787353515625,2185.262644065414,1,0
Corn_Health (654).jpg,0.00042724609375,1448.2048285916017,0,0
Corn_Health (655).jpg,0.0,1380.6421699387097,0,0
Corn_Health (656).jpg,0.0,3551.1811677969445,0,0
Corn_Health (657).jpg,0.00091552734375,862.32491433066,1,0
Corn_Health (658).jpg,0.0,1103.3531886356513,0,0
Corn_Health (659).jpg,0.0001068115234375,1181.2357357522092,0,0
Corn_Health (66).jpg,0.0,857.2265702271719,0,0
Corn_Health (660).jpg,0.0028228759765625,5257.757638932615,1,0
Corn_Health (661).jpg,9.1552734375e-05,2214.8416755375874,0,0
Corn_Health (662).jpg,0.0,506.246602014726,0,0
Corn_Health (663).jpg,0.0,1107.9945774205396,0,0
Corn_Health (664).jpg,0.0003662109375,3306.2478119982143,0,0
Corn_Health (665).jpg,1.52587890625e-05,1344.0359743701229,0,0
Corn_Health (666).jpg,0.0,1914.232941551469,0,0
Corn_Health (667).jpg,0.0,852.2467930393844,0,0
Corn_Health (668).jpg,0.0,518.9995414887835,0,0
Corn_Health (669).jpg,0.000213623046875,2405.4523201839343,0,0
Corn_Health (67).jpg,0.0,1078.388432893541,0,0
Corn_Health (670).jpg,0.0,2176.080320136885,0,0
Corn_Health (671).jpg,9.1552734375e-05,3117.4228581262705,0,0
Corn_Health (672).jpg,0.002227783203125,2605.317760767928,1,0
Corn_Health (673).jpg,0.0007171630859375,1390.6077178192966,1,0
Corn_Health (674).jpg,0.000579833984375,1646.2771094680277,1,0
Corn_Health (675).jpg,0.0,2965.1445855301577,0,0
Corn_Health (676).jpg,0.0,687.5837271060016,0,0
Corn_Health (677).jpg,0.020050048828125,3396.3715236054354,1,0
Corn_Health (678).jpg,0.0042724609375,1011.346835549268,1,0
Corn_Health (679).jpg,0.0,634.3471235379659,0,0
Corn_Health (68).jpg,0.001861572265625,2676.874666246866,1,0
Corn_Health (680).jpg,0.0,1697.2853814188297,0,0
Corn_Health (681).jpg,0.0004119873046875,1529.4847348761832,0,0
Corn_Health (682).jpg,0.0,675.2989919515937,0,0
Corn_Health (683).jpg,0.0,493.212205205944,0,0
Corn_Health (684).jpg,0.0,2925.09980507396,0,0
Corn_Health (685).jpg,0.0,2239.9805314972136,0,0
Corn_Health (686).jpg,0.0,2849.7212904161133,0,0
Corn_Health (687).jpg,0.0,3499.527167176655,0,0
Corn_Health (688).jpg,0.001556396484375,2675.8049593612177,0,0
Corn_Health (689).jpg,0.0,648.5696578663957,0,0
Corn_Health (69).jpg,0.0003662109375,1433.6583840858254,0,0
Corn_Health (690).jpg,0.0,639.9654053916964,0,0
Corn_Health (691).jpg,0.0,1012.838665811954,0,0
Corn_Health (692).jpg,0.0,479.34131252821805,0,0
Corn_Health (693).jpg,0.0043182373046875,3573.3410603595416,2,0
Corn_Health (694).jpg,0.0,2658.378491495232,0,0
Corn_Health (695).jpg,0.0,1219.118719581763,0,0
Corn_Health (696).jpg,0.0,1337.6113375175128,0,0
Corn_Health (697).jpg,0.0,5433.407145933596,0,0
Corn_Health (698).jpg,0.0,2525.779438689142,0,0
Corn_Health (699).jpg,0.00030517578125,1300.064524257732,0,0
Corn_Health (7).jpg,0.0,2731.100163370479,0,0
Corn_Health (70).jpg,0.01177978515625,1068.2906877916175,1,0
Corn_Health (700).jpg,0.0,2230.0302114399306,0,0
Corn_Health (701).jpg,0.0011138916015625,612.686600095197,1,0
Corn_Health (702).jpg,0.0,297.8047267928307,0,0
Corn_Health (703).jpg,0.0,4587.795155125825,0,0
Corn_Health (704).jpg,0.0,2310.6178203733753,0,0
Corn_Health (705).JPG,0.0,2898.0461898654585,0,0
Corn_Health (706).jpg,0.0007171630859375,2610.9411504308728,1,0
Corn_Health (707).jpg,0.0,1250.1727031979,0,0
Corn_Health (708).jpg,0.0001220703125,1003.8200105030744,0,0
Corn_Health (709).jpg,0.0,883.9480767954099,0,0
Corn_Health (71).jpg,0.0,1218.5957152581402,0,0
Corn_Health (710).jpg,0.0,1119.0688392710526,0,0
Corn_Health (711).jpg,0.0009765625,2522.7237858615763,1,0
Corn_Health (712).jpg,1.52587890625e-05,1095.3463221715,0,0
Corn_Health (713).jpg,0.0,3519.7383295820473,0,0
Corn_Health (714).jpg,0.0006866455078125,2538.9346326768923,1,0
Corn_Health (715).jpg,0.0,2510.117215302998,0,0
Corn_Health (716).jpg,0.00018310546875,775.8516765237435,0,0
Corn_Health (717).jpg,0.0006866455078125,1608.0967450413436,1,0
Corn_Health (718).jpg,0.0,659.9525377975307,0,0
Corn_Health (719).jpg,0.0,312.0980166092,0,0
Corn_Health (72).jpg,0.0,680.6696128958959,0,0
Corn_Health (720).jpg,0.0,5386.81333749809,0,0
Corn_Health (721).jpg,1.52587890625e-05,1109.3777380660888,0,0
Corn_Health (722).jpg,0.0,1256.5677295866137,0,0
Corn_Health (723).jpg,0.0,2036.1576257867232,0,0
Corn_Health (724).jpg,0.0,3014.375455920408,0,0
Corn_Health (725).jpg,0.0,1066.8141925485488,0,0
Corn_Health (726).jpg,0.00030517578125,3894.545864013388,0,0
Corn_Health (727).jpg,0.0,725.5835505289274,0,0
Corn_Health (728).jpg,0.0,1352.2463770869185,0,0
Corn_Health (729).jpg,0.0001678466796875,708.1408130458607,0,0
Corn_Health (73).jpg,0.0,2871.21982373381,0,0
Corn_Health (730).jpg,0.010833740234375,1202.9529912057176,2,0
Corn_Health (731).jpg,0.0,388.61234372814164,0,0
Corn_Health (732).jpg,0.0,1823.1023351708545,0,0
Corn_Health (733).jpg,0.0,3852.0204176405045,0,0
Corn_Health (734).jpg,0.0010223388671875,3091.409732680291,0,0
Corn_Health (735).jpg,0.0,2293.6198235384645,0,0
Corn_Health (736).jpg,0.0,801.8391784541018,0,0
Corn_Health (737).jpg,0.0,2613.293267970628,0,0
Corn_Health (738).jpg,0.0026702880859375,3203.1117917043143,2,0
Corn_Health (739).jpg,0.0,2198.773682257905,0,0
Corn_Health (74).jpg,0.0,1568.7567893537494,0,0
Corn_Health (740).jpg,0.0,1508.5311135067084,0,0
Corn_Health (741).jpg,0.000457763671875,1317.1879669865739,0,0
Corn_Health (742).jpg,0.0,737.6701120816996,0,0
Corn_Health (743).jpg,0.0,812.111456656444,0,0
Corn_Health (744).jpg,0.0,625.7482326262616,0,0
Corn_Health (745).jpg,0.0,1072.6466263379439,0,0
Corn_Health (746).jpg,0.0,2351.2296035298164,0,0
Corn_Health (747).jpg,0.004791259765625,2650.1725526076193,2,0
Corn_Health (748).jpg,0.0,956.86778535306,0,0
Corn_Health (749).jpg,4.57763671875e-05,1157.2422363632566,0,0
Corn_Health (75).jpg,1.52587890625e-05,1789.7399138671767,0,0
Corn_Health (750).jpg,0.000518798828125,2423.742123755999,0,0
Corn_Health (751).jpg,0.0,5269.253625992459,0,0
Corn_Health (752).jpg,0.0,1032.2577729447307,0,0
Corn_Health (753).jpg,0.0,696.928095391529,0,0
Corn_Health (754).jpg,0.0,4768.736588901497,0,0
Corn_Health (755).jpg,0.0002593994140625,1764.7437914840216,0,0
Corn_Health (756).jpg,0.0019683837890625,823.5299933231508,1,0
Corn_Health (757).jpg,0.0,1889.9933625885137,0,0
Corn_Health (758).jpg,0.0,3114.4164952397086,0,0
Corn_Health (759).jpg,0.0,1492.7346058635253,0,0
Corn_Health (76).jpg,0.0,2807.88668645617,0,0
Corn_Health (760).jpg,0.0,4474.948075953382,0,0
Corn_Health (761).jpg,0.0015106201171875,1314.885569600593,2,0
Corn_Health (762).jpg,0.000396728515625,2276.0554706259627,0,0
Corn_Health (763).jpg,0.0,705.4878506540119,0,0
Corn_Health (764).jpg,0.00115966796875,2869.331249837933,1,0
Corn_Health (765).jpg,0.0,690.2429918889303,0,0
Corn_Health (766).jpg,0.000244140625,2153.161626624519,0,0
Corn_Health (767).jpg,0.0,757.2978995509893,0,0
Corn_Health (768).jpg,0.0,3120.8544210898604,0,0
Corn_Health (769).jpg,0.00018310546875,3391.440369706595,0,0
Corn_Health (77).jpg,0.0,2725.5398503725055,0,0
Corn_Health (770).jpg,0.0001220703125,2146.1069225307774,0,0
Corn_Health (771).jpg,0.0,2677.252456216008,0,0
Corn_Health (772).jpg,0.0,896.5772418190056,0,0
Corn_Health (773).jpg,0.0,645.7535639420689,0,0
Corn_Health (774).jpg,0.001922607421875,1721.3278276762849,1,0
Corn_Health (775).jpg,0.0,894.0773575571355,0,0
Corn_Health (776).jpg,0.00311279296875,2662.377328207278,1,0
Corn_Health (777).jpg,0.0205535888671875,3472.0013133405823,4,0
Corn_Health (778).jpg,0.0,1110.4169715241765,0,0
Corn_Health (779).jpg,0.00506591796875,3566.945904500986,1,0
Corn_Health (78).jpg,0.0,1058.1371476714462,0,0
Corn_Health (780).jpg,0.0,421.7285192811974,0,0
Corn_Health (781).jpg,0.0,1112.4381500423397,0,0
Corn_Health (782).jpg,0.0,2007.9261420676867,0,0
Corn_Health (783).jpg,0.0,3468.1575693306977,0,0
Corn_Health (784).jpg,0.0,799.9303104378848,0,0
Corn_Health (785).jpg,0.0037994384765625,2116.326349433768,1,0
Corn_Health (786).jpg,0.0,653.4984326162141,0,0
Corn_Health (787).jpg,0.0,1039.4768741935823,0,0
Corn_Health (788).jpg,0.00042724609375,2871.433077134584,0,0
Corn_Health (789).jpg,0.0,1356.6545758214488,0,0
Corn_Health (79).jpg,0.00091552734375,2007.9554204433502,1,0
Corn_Health (790).jpg,0.0,763.8836428753427,0,0
Corn_Health (791).jpg,0.0002899169921875,903.8460342878154,0,0
Corn_Health (792).jpg,0.0,281.50245375198136,0,0
Corn_Health (793).jpg,0.0,765.18495876977,0,0
Corn_Health (794).jpg,0.003875732421875,1885.0680285995404,2,0
Corn_Health (795).jpg,0.000152587890625,1367.9608856365185,0,0
Corn_Health (796).jpg,0.0021514892578125,2806.356411611616,2,0
Corn_Health (797).jpg,0.0006256103515625,811.0861694947812,1,0
Corn_Health (798).jpg,0.00469970703125,903.532883084534,3,0
Corn_Health (799).jpg,0.0,735.6462993615646,0,0
Corn_Health (8).jpg,0.0,504.46263637712235,0,0
Corn_Health (80).jpg,0.000579833984375,3301.8250316490985,0,0
Corn_Health (800).jpg,0.0,308.79298923575413,0,0
Corn_Health (801).jpg,0.0,1571.0426288613066,0,0
Corn_Health (802).jpg,0.0,473.05302051584715,0,0
Corn_Health (803).jpg,0.0,1019.3785013400305,0,0
Corn_Health (804).jpg,0.0,3216.95043706444,0,0
Corn_Health (805).jpg,0.0039520263671875,2943.1882515322277,1,0
Corn_Health (806).jpg,0.0,127.55819130009662,0,0
Corn_Health (807).jpg,0.0,3356.4588986579092,0,0
Corn_Health (808).jpg,0.0,1097.749062186302,0,0
Corn_Health (809).jpg,0.00018310546875,2624.521039102545,0,0
Corn_Health (81).jpg,0.0003204345703125,2576.5816998832256,0,0
Corn_Health (810).jpg,0.0,3433.6541653682993,0,0
Corn_Health (811).jpg,1.52587890625e-05,1675.2628432176275,0,0
Corn_Health (812).jpg,0.0001983642578125,5691.392902115115,0,0
Corn_Health (813).jpg,0.0,1092.3090412400375,0,0
Corn_Health (814).jpg,0.0,2256.968369781301,0,0
Corn_Health (815).jpg,0.0,3503.920652079013,0,0
Corn_Health (816).jpg,0.0,850.1016877677217,0,0
Corn_Health (817).jpg,0.0,1619.2368963221982,0,0
Corn_Health (818).jpg,0.0,1086.4187699853705,0,0
Corn_Health (819).jpg,0.0,271.4455835441638,0,0
Corn_Health (82).jpg,0.0,2901.5540423933953,0,0
Corn_Health (820).jpg,0.0,1158.3735422819018,0,0
Corn_Health (821).jpg,0.0,1453.6200311825999,0,0
Corn_Health (822).jpg,0.005279541015625,1417.7777673491512,2,0
Corn_Health (823).jpg,0.0,1256.3856423173452,0,0
Corn_Health (824).jpg,0.0,543.0971445504649,0,0
Corn_Health (825).jpg,0.002166748046875,622.0646668358318,1,0
Corn_Health (826).jpg,0.0,730.1517841429348,0,0
Corn_Health (827).jpg,0.0,598.83756028451,0,0
Corn_Health (828).jpg,0.0,640.4045561649754,0,0
Corn_Health (829).jpg,0.0,863.9108072144107,0,0
Corn_Health (83).jpg,0.0,1198.1152939272456,0,0
Corn_Health (830).jpg,1.52587890625e-05,1418.3453460713154,0,0
Corn_Health (831).jpg,0.0001220703125,699.4332555475809,0,0
Corn_Health (832).jpg,0.0260162353515625,4063.027220264081,2,0
Corn_Health (833).jpg,0.0,1826.6354409518685,0,0
Corn_Health (834).jpg,0.0,1530.6996680710365,0,0
Corn_Health (835).jpg,0.0002593994140625,2449.2383930716396,0,0
Corn_Health (836).jpg,0.0,585.0018417922164,0,0
Corn_Health (837).jpg,0.0036163330078125,3510.375286889584,1,0
Corn_Health (838).jpg,0.0,947.4785127553974,0,0
Corn_Health (839).jpg,0.0,2933.0638920834795,0,0
Corn_Health (84).jpg,0.0,3200.908089460502,0,0
Corn_Health (840).jpg,0.0,555.6094760608134,0,0
Corn_Health (841).jpg,0.0014495849609375,1168.9777781039165,1,0
Corn_Health (842).jpg,9.1552734375e-05,1397.6235780046036,0,0
Corn_Health (843).jpg,0.0,250.84777877848217,0,0
Corn_Health (844).jpg,0.0,868.9613152449535,0,0
Corn_Health (845).JPG,0.0,450.1119216319928,0,0
Corn_Health (846).jpg,0.0,2789.061726718659,0,0
Corn_Health (847).jpg,3.0517578125e-05,1912.7091920583696,0,0
Corn_Health (848).jpg,0.011474609375,2009.2847880449035,2,0
Corn_Health (849).jpg,0.0,1127.1899408410832,0,0
Corn_Health (85).jpg,0.0001220703125,1503.7112552998192,0,0
Corn_Health (850).jpg,0.0,2160.8475763035985,0,0
Corn_Health (851).jpg,0.0,1024.7411313069827,0,0
Corn_Health (852).jpg,0.0009002685546875,1745.1416004894286,1,0
Corn_Health (853).jpg,0.0,793.5036866821458,0,0
Corn_Health (854).jpg,0.0016937255859375,3592.4157746218916,1,0
Corn_Health (855).jpg,0.0003662109375,5108.7232212977615,0,0
Corn_Health (856).jpg,0.0006103515625,1859.3721155321814,0,0
Corn_Health (857).jpg,0.00701904296875,3182.1310626329423,3,0
Corn_Health (858).jpg,0.0,556.2075243536754,0,0
Corn_Health (859).jpg,0.000152587890625,5126.078511655467,0,0
Corn_Health (86).jpg,0.0,4369.71273304382,0,0
Corn_Health (860).jpg,0.0,1539.7942281243206,0,0
Corn_Health (861).jpg,0.024566650390625,1540.3367202867616,2,0
Corn_Health (862).jpg,0.0,1580.6897712867167,0,0
Corn_Health (863).jpg,0.0,879.9924339366023,0,0
Corn_Health (864).jpg,0.0,2260.1174352993667,0,0
Corn_Health (865).jpg,0.00408935546875,3142.856796853662,2,0
Corn_Health (866).jpg,0.0,1058.5750451706183,0,0
Corn_Health (867).jpg,0.0001983642578125,2005.9252317946782,0,0
Corn_Health (868).jpg,0.0,1779.4765398471452,0,0
Corn_Health (869).jpg,0.0,1113.311182003826,0,0
Corn_Health (87).jpg,1.52587890625e-05,3933.6780868760575,0,0
Corn_Health (870).jpg,0.001678466796875,5807.699953310292,1,0
Corn_Health (871).jpg,0.0,362.3763250864939,0,0
Corn_Health (872).jpg,0.0,204.1212655042274,0,0
Corn_Health (873).jpg,0.0,577.7897868822099,0,0
Corn_Health (874).jpg,0.0001220703125,909.4837739015326,0,0
Corn_Health (875).jpg,0.0,307.318185303142,0,0
Corn_Health (876).jpg,0.0,468.93846871534856,0,0
Corn_Health (877).jpg,0.00146484375,1041.4690273164113,1,0
Corn_Health (878).jpg,0.0,2016.4984150638738,0,0
Corn_Health (879).jpg,0.0,1755.7256357062797,0,0
Corn_Health (88).jpg,0.0,670.6153208594322,0,0
Corn_Health (880).jpg,0.000335693359375,1702.5643376718951,0,0
Corn_Health (881).jpg,0.0,509.00397572564725,0,0
Corn_Health (882).jpg,0.0,577.006028047614,0,0
Corn_Health (883).jpg,0.0,3185.2094385575,0,0
Corn_Health (884).jpg,0.0022125244140625,2426.285526563539,1,0
Corn_Health (885).jpg,0.0,1191.1344135136933,0,0
Corn_Health (886).jpg,1.52587890625e-05,1086.054894193814,0,0
Corn_Health (887).JPG,1.52587890625e-05,3050.9385018319053,0,0
Corn_Health (888).jpg,0.0015869140625,1711.8369834734658,1,0
Corn_Health (889).jpg,0.0,1734.2319732038893,0,0
Corn_Health (89).jpg,0.002960205078125,2042.9680905282853,2,0
Corn_Health (890).jpg,0.0,469.81590803198674,0,0
Corn_Health (891).jpg,0.0,2133.208045734289,0,0
Corn_Health (892).jpg,0.0034637451171875,1551.1022215838832,2,0
Corn_Health (893).jpg,0.0,832.4913656636783,0,0
Corn_Health (894).jpg,0.0002593994140625,1836.1802511521435,0,0
Corn_Health (895).jpg,0.0001678466796875,472.52770612230387,0,0
Corn_Health (896).jpg,0.0,906.9406172061408,0,0
Corn_Health (897).jpg,0.0087738037109375,3497.272100842013,1,0
Corn_Health (898).jpg,0.0,1427.2115473530484,0,0
Corn_Health (899).jpg,3.0517578125e-05,921.5697878562265,0,0
Corn_Health (9).jpg,0.0,1827.0201656479564,0,0
Corn_Health (90).jpg,0.0,763.0361331015482,0,0
Corn_Health (900).jpg,6.103515625e-05,1212.4198187979655,0,0
Corn_Health (901).jpg,0.0,1565.041890568609,0,0
Corn_Health (902).jpg,0.0,5937.363646471295,0,0
Corn_Health (903).jpg,0.0,4055.186211376224,0,0
Corn_Health (904).jpg,0.0,5800.977823349896,0,0
Corn_Health (905).jpg,0.00054931640625,1619.4650910043988,0,0
Corn_Health (906).jpg,0.0037841796875,1165.8654656873462,1,0
Corn_Health (907).jpg,0.0,1659.364930410215,0,0
Corn_Health (908).jpg,0.0,841.9904906071265,0,0
Corn_Health (909).jpg,0.0,1089.6919595280676,0,0
Corn_Health (91).jpg,0.000946044921875,871.2698560181616,1,0
Corn_Health (910).jpg,0.0001373291015625,3236.277779277644,0,0
Corn_Health (911).jpg,0.0,1199.9875424984357,0,0
Corn_Health (912).jpg,0.0,529.040296838736,0,0
Corn_Health (913).jpg,0.006317138671875,2838.4683994488078,2,0
Corn_Health (914).jpg,0.0,1472.9916959303782,0,0
Corn_Health (915).jpg,0.001068115234375,2533.0159860548156,1,0
Corn_Health (916).jpg,0.0,3692.124194090713,0,0
Corn_Health (917).jpg,0.0,1895.374310318411,0,0
Corn_Health (918).jpg,0.0,1688.5250433032734,0,0
Corn_Health (919).jpg,0.00030517578125,375.85846288022924,0,0
Corn_Health (92).jpg,0.0,946.825443650791,0,0
Corn_Health (920).jpg,0.0,1524.7201055378748,0,0
Corn_Health (921).jpg,0.0,620.238524445866,0,0
Corn_Health (922).jpg,0.0,528.6579008447883,0,0
Corn_Health (923).jpg,0.0005035400390625,2767.222037774613,0,0
Corn_Health (924).jpg,0.0,2245.154385087385,0,0
Corn_Health (925).jpg,0.0008544921875,1357.811046962484,1,0
Corn_Health (926).jpg,0.0,1360.9395804856422,0,0
Corn_Health (927).jpg,0.0,508.22874375120864,0,0
Corn_Health (928).jpg,0.0,829.4228905260682,0,0
Corn_Health (929).jpg,0.0,215.3470882803025,0,0
Corn_Health (93).jpg,0.0,732.1560152506181,0,0
Corn_Health (930).jpg,0.0,614.9421288011588,0,0
Corn_Health (931).jpg,0.0,2934.244346861891,0,0
Corn_Health (932).jpg,0.0057830810546875,1829.2634317193897,2,0
Corn_Health (933).jpg,0.003265380859375,2921.3633142009544,2,0
Corn_Health (934).jpg,0.000335693359375,2351.0948113360087,0,0
Corn_Health (935).jpg,0.0,3815.203188675917,0,0
Corn_Health (936).jpg,9.1552734375e-05,1971.1609693709038,0,0
Corn_Health (937).jpg,0.00067138671875,561.6700069922326,1,0
Corn_Health (938).jpg,0.0,1425.6317722578067,0,0
Corn_Health (939).jpg,0.0002593994140625,1480.9287938217028,0,0
Corn_Health (94).jpg,0.0,913.5065133738789,0,0
Corn_Health (940).jpg,0.0,689.454150586859,0,0
Corn_Health (941).jpg,0.00054931640625,1162.228493772931,0,0
Corn_Health (942).jpg,0.0,606.6966556865182,0,0
Corn_Health (943).jpg,0.0022735595703125,861.3476570075253,1,0
Corn_Health (944).jpg,0.013885498046875,3758.7701316938537,4,0
Corn_Health (945).jpg,0.009765625,759.2498471726385,1,0
Corn_Health (946).jpg,0.0,606.29689355033,0,0
Corn_Health (947).jpg,0.0,1034.867408035967,0,0
Corn_Health (948).jpg,0.0,215.92957124535118,0,0
Corn_Health (949).jpg,0.0,2310.468351930526,0,0
Corn_Health (95).jpg,0.0,1150.9540762059535,0,0
Corn_Health (950).jpg,0.0034332275390625,1922.7263368461822,1,0
Corn_Health (951).jpg,0.0,741.1554553407627,0,0
Corn_Health (952).jpg,0.0027008056640625,1340.5854117646754,1,0
Corn_Health (953).jpg,0.0,2033.1323532564406,0,0
Corn_Health (954).jpg,0.0,1165.1628624802925,0,0
Corn_Health (955).jpg,0.001068115234375,3429.840857419171,1,0
Corn_Health (956).jpg,0.0001068115234375,1230.9337741821805,0,0
Corn_Health (957).jpg,0.0005645751953125,1396.014277790229,1,0
Corn_Health (958).jpg,0.0,905.7541368465531,0,0
Corn_Health (959).jpg,7.62939453125e-05,2982.19867867059,0,0
Corn_Health (96).jpg,0.0,1041.5655545867305,0,0
Corn_Health (960).jpg,0.0130615234375,681.9824010118932,3,0
Corn_Health (961).jpg,0.0,550.2431797483433,0,0
Corn_Health (962).jpg,0.0002593994140625,636.4558238503246,0,0
Corn_Health (963).jpg,0.0,1203.2642901960417,0,0
Corn_Health (964).jpg,0.0,3862.812384297647,0,0
Corn_Health (965).jpg,0.0003204345703125,2091.57367814886,0,0
Corn_Health (966).jpg,0.0091552734375,4232.524878227552,4,0
Corn_Health (967).jpg,0.000152587890625,1527.4560046013366,0,0
Corn_Health (968).jpg,0.00030517578125,1472.0345981999117,0,0
Corn_Health (969).jpg,0.0,1751.585085346202,0,0
Corn_Health (97).jpg,0.0,483.70671624163793,0,0
Corn_Health (970).jpg,0.0,689.2268575378882,0,0
Corn_Health (971).jpg,0.0,1282.1204877186992,0,0
Corn_Health (972).jpg,0.0,1650.0834095472742,0,0
Corn_Health (973).jpg,3.0517578125e-05,750.0829320371256,0,0
Corn_Health (974).jpg,0.00128173828125,819.3328658778703,1,0
Corn_Health (975).jpg,0.0,2166.0746330615966,0,0
Corn_Health (976).jpg,0.0,1660.8098496355797,0,0
Corn_Health (977).jpg,1.52587890625e-05,1748.6765400997424,0,0
Corn_Health (978).jpg,0.0022125244140625,1518.3207435054971,1,0
Corn_Health (979).jpg,0.0,2144.622956646336,0,0
Corn_Health (98).jpg,0.0,402.2922625988493,0,0
Corn_Health (980).jpg,0.0,1500.7109390610126,0,0
Corn_Health (981).jpg,0.00018310546875,1984.585082769389,0,0
Corn_Health (982).JPG,0.0,2680.0848982617226,0,0
Corn_Health (983).jpg,0.0,2633.216110296567,0,0
Corn_Health (984).jpg,0.0,2520.2113337201567,0,0
Corn_Health (985).jpg,0.0,1738.3093421747797,0,0
Corn_Health (986).jpg,0.0026397705078125,935.5562111993327,1,0
Corn_Health (987).jpg,0.0003204345703125,2438.038209623235,0,0
Corn_Health (988).jpg,9.1552734375e-05,512.5494119353175,0,0
Corn_Health (989).jpg,0.0,3462.8798720663435,0,0
Corn_Health (99).jpg,0.0,1030.000078831261,0,0
Corn_Health (990).jpg,0.0,615.1877490749646,0,0
Corn_Health (991).jpg,0.0,561.2009681956076,0,0
Corn_Health (992).jpg,0.0,2014.0669252914656,0,0
Corn_Health (993).jpg,0.0,484.12849278270863,0,0
Corn_Health (994).jpg,0.0,2735.6809191794277,0,0
Corn_Health (995).jpg,0.000762939453125,1700.1964294845493,0,0
Corn_Health (996).jpg,0.012786865234375,2682.4387110557013,5,0
Corn_Health (997).jpg,0.0,1155.3605394239758,0,0
Corn_Health (998).jpg,0.0,1398.510903404255,0,0
Corn_Health (999).jpg,0.0030517578125,2917.0037526104798,2,0
Corn_Common_Rust (1).jpg,0.33392432432432434,4279.079727785872,28,1
Corn_Common_Rust (10).jpg,0.081083984375,4513.640878219413,73,1
Corn_Common_Rust (100).JPG,0.1316680908203125,10099.505860784357,33,1
Corn_Common_Rust (1000).JPG,0.2201080322265625,5815.249801636677,32,1
Corn_Common_Rust (1001).JPG,0.1299896240234375,8468.073961407254,43,1
Corn_Common_Rust (1002).JPG,0.0739288330078125,5767.930924443945,33,1
Corn_Common_Rust (1003).JPG,0.1280364990234375,6059.662971626806,29,1
Corn_Common_Rust (1004).JPG,0.0478057861328125,7078.915166387666,18,1
Corn_Common_Rust (1005).JPG,0.0221710205078125,5267.020479007767,8,1
Corn_Common_Rust (1006).JPG,0.021759033203125,6826.921936946755,10,1
Corn_Common_Rust (1007).JPG,0.0344390869140625,5457.670370258147,17,1
Corn_Common_Rust (1008).JPG,0.0754241943359375,7199.636657736379,25,1
Corn_Common_Rust (1009).JPG,0.1157073974609375,7289.030299076749,38,1
Corn_Common_Rust (101).JPG,0.2194976806640625,7822.397438275073,52,1
Corn_Common_Rust (1010).JPG,0.1074676513671875,6929.752630107174,23,1
Corn_Common_Rust (1011).JPG,0.1252593994140625,7241.8565780314775,35,1
Corn_Common_Rust (1012).JPG,0.347930908203125,9750.176733113789,7,1
Corn_Common_Rust (1013).JPG,0.6021575927734375,8492.669809512838,8,1
Corn_Common_Rust (1014).JPG,0.5819549560546875,9612.979474383792,6,1
Corn_Common_Rust (1015).JPG,0.1985626220703125,8092.918591378236,35,1
Corn_Common_Rust (1016).JPG,0.1593475341796875,8706.819516492596,41,1
Corn_Common_Rust (1017).JPG,0.1302337646484375,7131.413419643284,41,1
Corn_Common_Rust (1018).JPG,0.078399658203125,6835.136169002616,28,1
Corn_Common_Rust (1019).JPG,0.125396728515625,6373.074124622675,33,1
Corn_Common_Rust (102).JPG,0.337432861328125,7301.159567652176,37,1
Corn_Common_Rust (1020).JPG,0.1988372802734375,8681.735208923223,24,1
Corn_Common_Rust (1021).JPG,0.3551483154296875,8408.006749537482,17,1
Corn_Common_Rust (1022).JPG,0.290679931640625,6354.146550413682,18,1
Corn_Common_Rust (1023).JPG,0.4729461669921875,7086.033952271608,4,1
Corn_Common_Rust (1024).JPG,0.2455902099609375,5692.401431384021,36,1
Corn_Common_Rust (1025).JPG,0.2794342041015625,6315.131844739553,32,1
Corn_Common_Rust (1026).JPG,0.01483154296875,4963.851779330167,10,1
Corn_Common_Rust (1027).JPG,0.0679779052734375,4664.035648783219,25,1
Corn_Common_Rust (1028).JPG,0.1729278564453125,6734.356097469187,49,1
Corn_Common_Rust (1029).JPG,0.268310546875,7190.024088127707,16,1
Corn_Common_Rust (103).JPG,0.0821075439453125,6822.794089745081,43,1
Corn_Common_Rust (1030).JPG,0.22357177734375,7283.5090597834105,38,1
Corn_Common_Rust (1031).JPG,0.298309326171875,7843.885107869688,25,1
Corn_Common_Rust (1032).JPG,0.392425537109375,8538.361404492163,9,1
Corn_Common_Rust (1033).JPG,0.3207855224609375,7051.996937357002,15,1
Corn_Common_Rust (1034).JPG,0.34136962890625,5803.5597878944045,13,1
Corn_Common_Rust (1035).JPG,0.0673370361328125,5142.422879074367,24,1
Corn_Common_Rust (1036).JPG,0.1865692138671875,5714.3952355009515,43,1
Corn_Common_Rust (1037).JPG,0.2625274658203125,6117.5791055523005,52,1
Corn_Common_Rust (1038).JPG,0.24749755859375,5308.793196951783,24,1
Corn_Common_Rust (1039).JPG,0.0847015380859375,4585.056741461487,40,1
Corn_Common_Rust (104).JPG,0.057525634765625,5179.660265078437,36,1
Corn_Common_Rust (1040).JPG,0.0537567138671875,5667.811430159775,25,1
Corn_Common_Rust (1041).JPG,0.0673675537109375,6753.20479687952,21,1
Corn_Common_Rust (1042).JPG,0.0606842041015625,4629.55695443813,18,1
Corn_Common_Rust (1043).JPG,0.17913818359375,6941.201415254994,29,1
Corn_Common_Rust (1044).JPG,0.2382965087890625,6698.239351592618,24,1
Corn_Common_Rust (1045).JPG,0.4218597412109375,8681.250865806047,5,1
Corn_Common_Rust (1046).JPG,0.4399261474609375,9106.05919497704,1,1
Corn_Common_Rust (1047).JPG,0.0335845947265625,5676.70614770927,17,1
Corn_Common_Rust (1048).JPG,0.071075439453125,6314.439853231546,28,1
Corn_Common_Rust (1049).JPG,0.06353759765625,4913.546719721395,30,1
Corn_Common_Rust (105).JPG,0.1298980712890625,6074.085844274276,48,1
Corn_Common_Rust (1050).JPG,0.063873291015625,4712.3165629104105,23,1
Corn_Common_Rust (1051).JPG,0.058349609375,5802.109157547421,35,1
Corn_Common_Rust (1052).JPG,0.0174102783203125,8337.705932857472,9,1
Corn_Common_Rust (1053).JPG,0.037994384765625,7544.777004473451,24,1
Corn_Common_Rust (1054).JPG,0.0646820068359375,7421.263998965307,25,1
Corn_Common_Rust (1055).JPG,0.3855743408203125,5379.643612858672,29,1
Corn_Common_Rust (1056).JPG,0.0509490966796875,6194.301896663825,23,1
Corn_Common_Rust (1057).JPG,0.1975555419921875,8144.431658960201,17,1
Corn_Common_Rust (1058).JPG,0.35076904296875,8746.777371366486,11,1
Corn_Common_Rust (1059).JPG,0.0250244140625,7926.839868440511,13,1
Corn_Common_Rust (106).JPG,0.091766357421875,5864.316697106153,42,1
Corn_Common_Rust (1060).JPG,0.0548858642578125,8685.516530250085,22,1
Corn_Common_Rust (1061).JPG,0.1916656494140625,6170.879813928006,38,1
Corn_Common_Rust (1062).JPG,0.275421142578125,7542.504917819704,24,1
Corn_Common_Rust (1063).JPG,0.271575927734375,8515.969671686327,23,1
Corn_Common_Rust (1064).JPG,0.2802581787109375,6678.230910061462,33,1
Corn_Common_Rust (1065).JPG,0.19580078125,8373.913870455373,43,1
Corn_Common_Rust (1066).JPG,0.09716796875,5653.431305847605,27,1
Corn_Common_Rust (1067).JPG,0.48712158203125,8539.910882994776,1,1
Corn_Common_Rust (1068).JPG,0.0853424072265625,8798.392427336834,21,1
Corn_Common_Rust (1069).JPG,0.0533447265625,7643.165326436198,17,1
Corn_Common_Rust (107).JPG,0.0230712890625,5532.621962570653,12,1
Corn_Common_Rust (1070).JPG,0.1378326416015625,9001.940475589105,30,1
Corn_Common_Rust (1071).JPG,0.21502685546875,8924.451023035424,9,1
Corn_Common_Rust (1072).JPG,0.02886962890625,5576.576905633809,13,1
Corn_Common_Rust (1073).JPG,0.072967529296875,6387.9474101906435,19,1
Corn_Common_Rust (1074).JPG,0.1879425048828125,6218.307102824346,45,1
Corn_Common_Rust (1075).JPG,0.1383209228515625,6746.485998420902,61,1
Corn_Common_Rust (1076).JPG,0.10113525390625,5761.772708187017,12,1
Corn_Common_Rust (1077).JPG,0.2337799072265625,6115.595527661248,23,1
Corn_Common_Rust (1078).JPG,0.0906219482421875,8509.341279989467,36,1
Corn_Common_Rust (1079).JPG,0.123046875,8565.931303530266,37,1
Corn_Common_Rust (108).JPG,0.224609375,9562.871600534596,31,1
Corn_Common_Rust (1080).JPG,0.158447265625,7799.643950759602,32,1
Corn_Common_Rust (1081).JPG,0.0606842041015625,6614.882309753302,20,1
Corn_Common_Rust (1082).JPG,0.0900726318359375,5392.230721148733,28,1
Corn_Common_Rust (1083).JPG,0.1743316650390625,8728.939804458581,55,1
Corn_Common_Rust (1084).JPG,0.1658477783203125,8973.753157473631,37,1
Corn_Common_Rust (1085).JPG,0.2083892822265625,9916.881777085766,42,1
Corn_Common_Rust (1086).JPG,0.1496734619140625,8806.220603274112,38,1
Corn_Common_Rust (1087).JPG,0.053619384765625,6061.690702522632,14,1
Corn_Common_Rust (1088).JPG,0.0807342529296875,6873.092855517408,32,1
Corn_Common_Rust (1089).JPG,0.138824462890625,6886.706796221915,37,1
Corn_Common_Rust (109).JPG,0.1851806640625,6934.240717463181,15,1
Corn_Common_Rust (1090).JPG,0.1051483154296875,7415.750463437464,32,1
Corn_Common_Rust (1091).JPG,0.0518951416015625,6720.994325065371,28,1
Corn_Common_Rust (1092).JPG,0.0567474365234375,6813.481111452674,27,1
Corn_Common_Rust (1093).JPG,0.1296234130859375,8079.014838823008,45,1
Corn_Common_Rust (1094).JPG,0.0897369384765625,8556.520823727986,28,1
Corn_Common_Rust (1095).JPG,0.352203369140625,11052.76279017024,11,1
Corn_Common_Rust (1096).JPG,0.0611114501953125,8234.907467354344,20,1
Corn_Common_Rust (1097).JPG,0.194610595703125,9080.952257103057,26,1
Corn_Common_Rust (1098).JPG,0.157440185546875,7226.416926634637,24,1
Corn_Common_Rust (1099).JPG,0.08642578125,8268.920700451537,33,1
Corn_Common_Rust (11).jpg,0.4380332545230263,9956.115024510502,56,1
Corn_Common_Rust (110).JPG,0.0832061767578125,7046.3398365559115,23,1
Corn_Common_Rust (1100).JPG,0.085693359375,8326.121394977547,38,1
Corn_Common_Rust (1101).JPG,0.0520477294921875,9871.459369346918,12,1
Corn_Common_Rust (1102).JPG,0.0894622802734375,9764.401539741266,43,1
Corn_Common_Rust (1103).JPG,0.1269683837890625,9163.143686959735,32,1
Corn_Common_Rust (1104).JPG,0.0423583984375,5617.137948821446,12,1
Corn_Common_Rust (1105).JPG,0.0984344482421875,6742.1447648964095,29,1
Corn_Common_Rust (1106).JPG,0.164154052734375,8578.295390939122,34,1
Corn_Common_Rust (1107).JPG,0.00567626953125,5236.323143526475,2,1
Corn_Common_Rust (1108).JPG,0.0015869140625,6648.317360599103,0,1
Corn_Common_Rust (1109).JPG,0.0201568603515625,7222.502898971626,13,1
Corn_Common_Rust (111).JPG,0.1914825439453125,7832.702457262882,24,1
Corn_Common_Rust (1110).JPG,0.06842041015625,7274.356343742373,19,1
Corn_Common_Rust (1111).JPG,0.0638427734375,7091.303041607245,21,1
Corn_Common_Rust (1112).JPG,0.2051239013671875,6868.05693625965,15,1
Corn_Common_Rust (1113).JPG,0.2865753173828125,8423.955590054036,14,1
Corn_Common_Rust (1114).JPG,0.3534393310546875,8738.706018999965,1,1
Corn_Common_Rust (1115).JPG,0.2063446044921875,8520.809160672638,29,1
Corn_Common_Rust (1116).JPG,0.215606689453125,7804.677360241137,29,1
Corn_Common_Rust (1117).JPG,0.0079345703125,6672.425827516224,4,1
Corn_Common_Rust (1118).JPG,0.0185394287109375,7816.662125061777,8,1
Corn_Common_Rust (1119).JPG,0.0206756591796875,6672.059251246203,11,1
Corn_Common_Rust (112).JPG,0.2090911865234375,7858.765931392145,32,1
Corn_Common_Rust (1120).JPG,0.279083251953125,2647.213755071677,28,1
Corn_Common_Rust (1121).JPG,0.0591583251953125,7392.708060593021,17,1
Corn_Common_Rust (1122).JPG,0.0191497802734375,5857.262073027343,8,1
Corn_Common_Rust (1123).JPG,0.130035400390625,9158.44648175122,32,1
Corn_Common_Rust (1124).JPG,0.2011871337890625,9177.897085364326,34,1
Corn_Common_Rust (1125).JPG,0.237091064453125,4980.116676335546,67,1
Corn_Common_Rust (1126).JPG,0.4681549072265625,8399.993886081043,1,1
Corn_Common_Rust (1127).JPG,0.641571044921875,8118.745834512303,1,1
Corn_Common_Rust (1128).JPG,0.0531463623046875,6170.774080902767,29,1
Corn_Common_Rust (1129).JPG,0.037109375,6849.377808860796,18,1
Corn_Common_Rust (113).JPG,0.1889190673828125,6903.386262275175,37,1
Corn_Common_Rust (1130).JPG,0.0145263671875,5373.48875521562,5,1
Corn_Common_Rust (1131).JPG,0.008575439453125,3915.485594100933,5,1
Corn_Common_Rust (1132).JPG,0.0036773681640625,6464.727369699209,3,1
Corn_Common_Rust (1133).JPG,0.03692626953125,7580.300440047987,16,1
Corn_Common_Rust (1134).JPG,0.0484619140625,8024.272053571937,21,1
Corn_Common_Rust (1135).JPG,0.0308837890625,4227.934383573776,11,1
Corn_Common_Rust (1136).JPG,0.026275634765625,6295.375147578212,10,1
Corn_Common_Rust (1137).JPG,0.117279052734375,7198.1632054089105,16,1
Corn_Common_Rust (1138).JPG,0.3242950439453125,7421.54544455854,33,1
Corn_Common_Rust (1139).JPG,0.4377593994140625,6454.492595500085,7,1
Corn_Common_Rust (114).JPG,0.0284423828125,7795.597291900439,14,1
Corn_Common_Rust (1140).JPG,0.023712158203125,7936.014754122267,12,1
Corn_Common_Rust (1141).JPG,0.038726806640625,8005.02192081978,19,1
Corn_Common_Rust (1142).JPG,0.057647705078125,7988.954594217393,30,1
Corn_Common_Rust (1143).JPG,0.041534423828125,7413.651829880118,16,1
Corn_Common_Rust (1144).JPG,0.2988433837890625,9257.252075579769,28,1
Corn_Common_Rust (1145).JPG,0.195556640625,7207.617792248542,40,1
Corn_Common_Rust (1146).JPG,0.102935791015625,6445.8517865291,30,1
Corn_Common_Rust (1147).JPG,0.041748046875,5052.471559832176,24,1
Corn_Common_Rust (1148).JPG,0.0602874755859375,9191.954754095324,38,1
Corn_Common_Rust (1149).JPG,0.048370361328125,3347.9859876512414,28,1
Corn_Common_Rust (115).JPG,0.047332763671875,8030.971068117108,13,1
Corn_Common_Rust (1150).JPG,0.04107666015625,3806.370363073037,15,1
Corn_Common_Rust (1151).JPG,0.0728759765625,6503.161592271048,33,1
Corn_Common_Rust (1152).JPG,0.153717041015625,6433.040698461184,19,1
Corn_Common_Rust (1153).JPG,0.16192626953125,7002.581213971446,23,1
Corn_Common_Rust (1154).JPG,0.3116455078125,8822.07789419534,31,1
Corn_Common_Rust (1155).JPG,0.12738037109375,7109.038674887292,37,1
Corn_Common_Rust (1156).JPG,0.0728759765625,6560.123277138972,24,1
Corn_Common_Rust (1157).JPG,0.039154052734375,5442.881550700458,20,1
Corn_Common_Rust (1158).JPG,0.0908966064453125,8119.018004327281,32,1
Corn_Common_Rust (1159).JPG,0.11956787109375,6728.3246642451495,42,1
Corn_Common_Rust (116).JPG,0.0439910888671875,8767.260821821157,11,1
Corn_Common_Rust (1160).JPG,0.0923004150390625,7398.837290463457,25,1
Corn_Common_Rust (1161).JPG,0.15899658203125,7205.839383729499,32,1
Corn_Common_Rust (1162).JPG,0.1819915771484375,7262.638084653535,60,1
Corn_Common_Rust (1163).JPG,0.078643798828125,6882.781829264145,40,1
Corn_Common_Rust (1164).JPG,0.1731109619140625,5283.063908945788,54,1
Corn_Common_Rust (1165).JPG,0.2239837646484375,5446.714709131113,40,1
Corn_Common_Rust (1166).JPG,0.035919189453125,8002.001618129845,20,1
Corn_Common_Rust (1167).JPG,0.05023193359375,6886.426712336426,13,1
Corn_Common_Rust (1168).JPG,0.0792388916015625,6052.419155971582,27,1
Corn_Common_Rust (1169).JPG,0.18182373046875,7050.122170543868,24,1
Corn_Common_Rust (117).JPG,0.023101806640625,6748.597803434206,9,1
Corn_Common_Rust (1170).JPG,0.3669586181640625,8377.286169582927,12,1
Corn_Common_Rust (1171).JPG,0.1856231689453125,5610.875369312747,28,1
Corn_Common_Rust (1172).JPG,0.4260711669921875,7502.826180829423,18,1
Corn_Common_Rust (1173).JPG,0.41082763671875,9772.43722466999,6,1
Corn_Common_Rust (1174).JPG,0.32989501953125,7655.606438198666,20,1
Corn_Common_Rust (1175).JPG,0.1939849853515625,8030.328039051087,44,1
Corn_Common_Rust (1176).JPG,0.0478973388671875,5553.128225715098,27,1
Corn_Common_Rust (1177).JPG,0.131988525390625,7159.370967083416,18,1
Corn_Common_Rust (1178).JPG,0.268829345703125,7583.435618917273,35,1
Corn_Common_Rust (1179).JPG,0.1916656494140625,8358.208137291187,25,1
Corn_Common_Rust (118).JPG,0.028289794921875,4288.333160213123,14,1
Corn_Common_Rust (1180).JPG,0.22491455078125,8593.720744115511,16,1
Corn_Common_Rust (1181).JPG,0.2890472412109375,9679.872794682744,17,1
Corn_Common_Rust (1182).JPG,0.01739501953125,6253.640178299517,7,1
Corn_Common_Rust (1183).JPG,0.1552886962890625,6432.92908765054,28,1
Corn_Common_Rust (1184).JPG,0.160247802734375,6301.08293376312,24,1
Corn_Common_Rust (1185).JPG,0.17144775390625,7060.659085272509,16,1
Corn_Common_Rust (1186).JPG,0.1677398681640625,7350.733858377288,50,1
Corn_Common_Rust (1187).JPG,0.134918212890625,7653.2744429251625,46,1
Corn_Common_Rust (1188).JPG,0.168487548828125,7906.825485181553,39,1
Corn_Common_Rust (1189).JPG,0.1383056640625,9223.995700763306,62,1
Corn_Common_Rust (119).JPG,0.0335235595703125,6580.539126710827,21,1
Corn_Common_Rust (1190).JPG,0.1691436767578125,9135.836216708218,39,1
Corn_Common_Rust (1191).JPG,0.1864013671875,8959.786726827122,38,1
Corn_Common_Rust (1192).JPG,0.1497344970703125,7159.839550970022,36,1
Corn_Common_Rust (1193).JPG,0.104339599609375,8807.521167615312,41,1
Corn_Common_Rust (1194).JPG,0.2151336669921875,7995.754850998891,20,1
Corn_Common_Rust (1195).JPG,0.3664093017578125,9104.184947706124,3,1
Corn_Common_Rust (1196).JPG,0.427642822265625,9427.951835616352,1,1
Corn_Common_Rust (1197).JPG,0.11065673828125,7351.310775520944,22,1
Corn_Common_Rust (1198).JPG,0.192718505859375,8455.018179561579,35,1
Corn_Common_Rust (1199).JPG,0.1255035400390625,9811.923610537084,55,1
Corn_Common_Rust (12).jpg,0.5330769936399217,2732.181873862999,33,1
Corn_Common_Rust (120).JPG,0.2026214599609375,10529.821398561086,32,1
Corn_Common_Rust (1200).JPG,0.040924072265625,6183.092694349206,23,1
Corn_Common_Rust (1201).JPG,0.0319366455078125,5222.4044769387965,16,1
Corn_Common_Rust (1202).JPG,0.0331878662109375,5702.556914326648,16,1
Corn_Common_Rust (1203).JPG,0.1020050048828125,10485.255870668558,29,1
Corn_Common_Rust (1204).JPG,0.140350341796875,9303.269747745762,32,1
Corn_Common_Rust (1205).JPG,0.1492919921875,8643.713806164027,38,1
Corn_Common_Rust (1206).JPG,0.011474609375,4922.603960364653,6,1
Corn_Common_Rust (1207).JPG,0.1060638427734375,6231.447406906791,18,1
Corn_Common_Rust (1208).JPG,0.2403106689453125,7878.913165361224,27,1
Corn_Common_Rust (1209).JPG,0.35723876953125,8606.908811553567,10,1
Corn_Common_Rust (121).JPG,0.2517852783203125,10152.550823029675,34,1
Corn_Common_Rust (1210).JPG,0.1029205322265625,6108.719887542737,23,1
Corn_Common_Rust (1211).JPG,0.1809844970703125,7006.295284301844,47,1
Corn_Common_Rust (1212).JPG,0.1684417724609375,6488.254159934307,40,1
Corn_Common_Rust (1213).JPG,0.0419921875,5830.646875221542,19,1
Corn_Common_Rust (1214).JPG,0.041839599609375,6146.3691923028655,17,1
Corn_Common_Rust (1215).JPG,0.0563507080078125,6633.423775319594,30,1
Corn_Common_Rust (1216).JPG,0.167205810546875,6721.665693632414,37,1
Corn_Common_Rust (1217).JPG,0.286590576171875,5013.429390940489,29,1
Corn_Common_Rust (1218).JPG,0.0719146728515625,8423.23813234505,22,1
Corn_Common_Rust (1219).JPG,0.0634918212890625,6754.199098388113,18,1
Corn_Common_Rust (122).JPG,0.117340087890625,6966.964618212502,35,1
Corn_Common_Rust (1220).JPG,0.1217803955078125,6232.977855426928,27,1
Corn_Common_Rust (1221).JPG,0.1336669921875,7640.461669918894,39,1
Corn_Common_Rust (1222).JPG,0.3460693359375,7055.278589376422,24,1
Corn_Common_Rust (1223).JPG,0.3153076171875,7421.3301519423,14,1
Corn_Common_Rust (1224).JPG,0.2928466796875,8389.273712687638,11,1
Corn_Common_Rust (1225).JPG,0.27691650390625,7918.100829259927,14,1
Corn_Common_Rust (1226).JPG,0.07568359375,7906.644447159961,22,1
Corn_Common_Rust (1227).JPG,0.0656585693359375,6243.5083603672765,22,1
Corn_Common_Rust (1228).JPG,0.05755615234375,5681.216774716409,20,1
Corn_Common_Rust (1229).JPG,0.2274322509765625,7489.214818525534,14,1
Corn_Common_Rust (123).JPG,0.0792083740234375,8063.998463179815,29,1
Corn_Common_Rust (1230).JPG,0.3697052001953125,9647.914236986535,8,1
Corn_Common_Rust (1231).JPG,0.0230255126953125,7641.245881494548,11,1
Corn_Common_Rust (1232).JPG,0.034393310546875,8212.979514689661,20,1
Corn_Common_Rust (1233).JPG,0.059783935546875,7225.384965435422,30,1
Corn_Common_Rust (1234).JPG,0.0668792724609375,7114.016311769144,38,1
Corn_Common_Rust (1235).JPG,0.25286865234375,9140.769808319705,27,1
Corn_Common_Rust (1236).JPG,0.259063720703125,7592.284723727102,39,1
Corn_Common_Rust (1237).JPG,0.234527587890625,7561.653046543039,39,1
Corn_Common_Rust (1238).JPG,0.195587158203125,9061.896275359115,45,1
Corn_Common_Rust (1239).JPG,0.247161865234375,6454.08635719192,36,1
Corn_Common_Rust (124).JPG,0.0956573486328125,9733.530752924824,29,1
Corn_Common_Rust (1240).JPG,0.2857666015625,6346.336753310896,51,1
Corn_Common_Rust (1241).JPG,0.2677764892578125,7466.368469217627,36,1
Corn_Common_Rust (1242).JPG,0.1890869140625,9119.221850796452,34,1
Corn_Common_Rust (1243).JPG,0.1440277099609375,6491.34049597334,16,1
Corn_Common_Rust (1244).JPG,0.3044281005859375,7989.327225501018,21,1
Corn_Common_Rust (1245).JPG,0.3720855712890625,9440.036745367033,15,1
Corn_Common_Rust (1246).JPG,0.406341552734375,8994.528497857327,10,1
Corn_Common_Rust (1247).JPG,0.014495849609375,3761.1547437299946,8,1
Corn_Common_Rust (1248).JPG,0.0113677978515625,4679.1164516559365,4,1
Corn_Common_Rust (1249).JPG,0.0262298583984375,5035.193419406194,14,1
Corn_Common_Rust (125).JPG,0.1367034912109375,7759.934905267757,41,1
Corn_Common_Rust (1250).JPG,0.3298797607421875,9064.350894826766,23,1
Corn_Common_Rust (1251).JPG,0.38592529296875,9934.427269142392,16,1
Corn_Common_Rust (1252).JPG,0.37554931640625,8197.742808988545,13,1
Corn_Common_Rust (1253).JPG,0.281036376953125,6191.826872671412,20,1
Corn_Common_Rust (1254).JPG,0.4347076416015625,6508.313494430693,23,1
Corn_Common_Rust (1255).JPG,0.3334503173828125,7004.77608758955,20,1
Corn_Common_Rust (1256).JPG,0.3119354248046875,8379.365523702472,21,1
Corn_Common_Rust (1257).JPG,0.0398712158203125,5304.389101581634,10,1
Corn_Common_Rust (1258).JPG,0.24554443359375,9599.30995604366,16,1
Corn_Common_Rust (1259).JPG,0.3443756103515625,9604.370636495909,2,1
Corn_Common_Rust (126).JPG,0.21136474609375,8938.968279694687,17,1
Corn_Common_Rust (1260).JPG,0.255859375,8905.458774245748,46,1
Corn_Common_Rust (1261).JPG,0.313018798828125,9519.328799241586,52,1
Corn_Common_Rust (1262).JPG,0.2808074951171875,6406.7722894023045,25,1
Corn_Common_Rust (1263).JPG,0.1165313720703125,5107.036848804568,23,1
Corn_Common_Rust (1264).jpg,0.03517790217939028,2997.1963502100193,460,1
Corn_Common_Rust (1265).jpg,0.6366461181640625,973.1289769676232,44,1
Corn_Common_Rust (1266).jpg,0.22834444444444443,4850.901836553847,35,1
Corn_Common_Rust (1267).jpg,0.004902336240868896,260.5418796465026,28,1
Corn_Common_Rust (1268).jpg,0.00670577922754069,1588.8849467097375,25,1
Corn_Common_Rust (1269).jpg,0.030502083333333332,2577.161851539822,70,1
Corn_Common_Rust (127).JPG,0.2001190185546875,9138.179767414433,25,1
Corn_Common_Rust (1270).jpg,0.04328206380208333,2131.10569937181,137,1
Corn_Common_Rust (1271).jpg,0.18891518737672583,2604.092505887685,70,1
Corn_Common_Rust (1272).jpg,0.068224,2327.778904305938,39,1
Corn_Common_Rust (1273).jpg,0.46564356486002606,4938.209305821878,159,1
Corn_Common_Rust (1274).jpg,0.12578245406046237,5372.239272799765,109,1
Corn_Common_Rust (1275).jpg,0.02639222941720629,3729.289949063745,9,1
Corn_Common_Rust (1276).jpg,0.10112594516658045,3950.9531991708322,111,1
Corn_Common_Rust (1277).jpg,0.007845569989782513,2355.3885955613855,43,1
Corn_Common_Rust (1278).jpg,0.6437761950819192,3588.718292037419,22,1
Corn_Common_Rust (1279).jpg,0.2903,2447.785886514131,27,1
Corn_Common_Rust (128).JPG,0.099395751953125,9877.290494852874,38,1
Corn_Common_Rust (1280).jpg,0.09445952945448331,930.5548237941014,623,1
Corn_Common_Rust (1281).jpg,0.21671135723307103,1603.2380504831237,338,1
Corn_Common_Rust (1282).jpg,0.08487786187065972,739.4235870491897,104,1
Corn_Common_Rust (1283).jpg,0.28506572120373574,2100.7545852833123,35,1
Corn_Common_Rust (1284).jpg,0.5067216117216117,4794.587677051125,19,1
Corn_Common_Rust (1285).jpg,0.19315925925925925,2746.4135549323883,135,1
Corn_Common_Rust (1286).jpg,0.03923605050328737,4142.326455011922,55,1
Corn_Common_Rust (1287).jpg,0.019726718655208295,3268.5693424205156,55,1
Corn_Common_Rust (1288).jpg,0.28239334057398646,1751.0220637778057,885,1
Corn_Common_Rust (1289).jpg,0.019175896250016904,3886.2741622171193,20,1
Corn_Common_Rust (129).JPG,0.0634002685546875,5606.890404282984,18,1
Corn_Common_Rust (1290).jpg,0.187652587890625,2463.847790111751,220,1
Corn_Common_Rust (1291).jpg,0.16705656828703705,1365.0858704185002,459,1
Corn_Common_Rust (1292).jpg,0.2831837505904582,1910.482796191397,8,1
Corn_Common_Rust (1293).jpg,0.05225779547930283,5455.358505520899,396,1
Corn_Common_Rust (1294).jpg,0.7309309147887472,2628.6740297613164,859,1
Corn_Common_Rust (1295).jpg,0.020844772537774794,2834.7141600387577,40,1
Corn_Common_Rust (1296).jpg,0.2164146270353366,689.9891165209317,170,1
Corn_Common_Rust (1297).jpg,0.15006535947712418,1749.8961044913922,33,1
Corn_Common_Rust (1298).jpg,0.2331814236111111,2088.640664000509,94,1
Corn_Common_Rust (1299).jpg,0.20802624551766233,2255.906339199775,28,1
Corn_Common_Rust (13).jpg,0.10695648193359375,5766.104553517842,564,1
Corn_Common_Rust (130).JPG,0.1048583984375,4865.312058215522,32,1
Corn_Common_Rust (1300).jpg,0.20483333333333334,3727.3319700199218,40,1
Corn_Common_Rust (1301).jpg,0.7044734061289186,4720.190974696058,34,1
Corn_Common_Rust (1302).jpg,0.4925235169376325,4646.124625774654,49,1
Corn_Common_Rust (1303).jpg,0.2475592903828198,2865.4921884239993,262,1
Corn_Common_Rust (1304).jpg,0.12364279835390947,1020.0209915605265,38,1
Corn_Common_Rust (1305).jpg,0.11161325366648561,4342.681860806077,22,1
Corn_Common_Rust (1306).jpg,0.385868136682243,4410.641377853498,93,1
Corn_Common_Rust (131).JPG,0.1329498291015625,6126.195507987128,33,1
Corn_Common_Rust (132).JPG,0.0225982666015625,4522.449322149541,9,1
Corn_Common_Rust (133).JPG,0.0382537841796875,5552.026163572752,15,1
Corn_Common_Rust (134).JPG,0.057830810546875,7447.558815094126,17,1
Corn_Common_Rust (135).JPG,0.0911865234375,6091.006701532138,15,1
Corn_Common_Rust (136).JPG,0.04461669921875,4949.874247491711,22,1
Corn_Common_Rust (137).JPG,0.1932220458984375,6539.28943553405,41,1
Corn_Common_Rust (138).JPG,0.02874755859375,7427.147205272401,9,1
Corn_Common_Rust (139).JPG,0.028533935546875,6723.364504680303,19,1
Corn_Common_Rust (14).jpg,0.2050323486328125,3158.9477881165462,221,1
Corn_Common_Rust (140).JPG,0.008697509765625,9605.352656371982,6,1
Corn_Common_Rust (141).JPG,0.010711669921875,6115.158883379854,7,1
Corn_Common_Rust (142).JPG,0.438323974609375,8168.02863199106,20,1
Corn_Common_Rust (143).JPG,0.2876129150390625,8429.019779613613,8,1
Corn_Common_Rust (144).JPG,0.253692626953125,6112.53502479471,46,1
Corn_Common_Rust (145).JPG,0.3656005859375,6696.338171728599,37,1
Corn_Common_Rust (146).JPG,0.031341552734375,5656.901067607565,11,1
Corn_Common_Rust (147).JPG,0.2375335693359375,7763.270749579284,47,1
Corn_Common_Rust (148).JPG,0.015045166015625,8566.311410378281,6,1
Corn_Common_Rust (149).JPG,0.0152740478515625,6505.523758326076,7,1
Corn_Common_Rust (15).jpg,0.11028416951497395,5549.815108881213,584,1
Corn_Common_Rust (150).JPG,0.05718994140625,5883.418663779525,16,1
Corn_Common_Rust (151).JPG,0.0886077880859375,6323.7682752204955,26,1
Corn_Common_Rust (152).JPG,0.252593994140625,7241.265466391098,46,1
Corn_Common_Rust (153).JPG,0.20684814453125,5338.426584812765,30,1
Corn_Common_Rust (154).JPG,0.2239532470703125,8773.670101052576,39,1
Corn_Common_Rust (155).JPG,0.1575775146484375,7901.776424129375,51,1
Corn_Common_Rust (156).JPG,0.4434967041015625,8611.965653197934,21,1
Corn_Common_Rust (157).JPG,0.1970367431640625,8741.383882088487,31,1
Corn_Common_Rust (158).JPG,0.152252197265625,8432.238710510552,23,1
Corn_Common_Rust (159).JPG,0.125701904296875,7645.626760793305,28,1
Corn_Common_Rust (16).jpg,0.20782470703125,1426.3002937206675,164,1
Corn_Common_Rust (160).JPG,0.0811004638671875,5609.627951766333,44,1
Corn_Common_Rust (161).JPG,0.164093017578125,6607.787273224183,56,1
Corn_Common_Rust (162).JPG,0.2061309814453125,9040.38484048192,24,1
Corn_Common_Rust (163).JPG,0.345611572265625,8340.97023555558,32,1
Corn_Common_Rust (164).JPG,0.1727447509765625,7691.975007196264,36,1
Corn_Common_Rust (165).JPG,0.0134735107421875,5474.827835875092,8,1
Corn_Common_Rust (166).JPG,0.00714111328125,6383.33491818627,3,1
Corn_Common_Rust (167).JPG,0.255950927734375,7075.219116418488,41,1
Corn_Common_Rust (168).JPG,0.105377197265625,8368.061672722954,36,1
Corn_Common_Rust (169).JPG,0.01519775390625,5843.616793481007,6,1
Corn_Common_Rust (17).jpg,0.13356590270996094,286.89015365268796,139,1
Corn_Common_Rust (170).JPG,0.2039031982421875,9728.635012945833,12,1
Corn_Common_Rust (171).JPG,0.2362213134765625,9959.845341818258,15,1
Corn_Common_Rust (172).JPG,0.3700408935546875,6568.762055346529,19,1
Corn_Common_Rust (173).JPG,0.173004150390625,9223.782415274403,41,1
Corn_Common_Rust (174).JPG,0.2269744873046875,7810.073965085254,22,1
Corn_Common_Rust (175).JPG,0.2799224853515625,10988.049001491101,45,1
Corn_Common_Rust (176).JPG,0.090545654296875,9042.121314126507,21,1
Corn_Common_Rust (177).JPG,0.04559326171875,7211.565158290948,24,1
Corn_Common_Rust (178).JPG,0.2214813232421875,9522.614464930044,24,1
Corn_Common_Rust (179).JPG,0.256378173828125,9740.843570634781,31,1
Corn_Common_Rust (18).jpg,0.17377197364352148,871.7034817507819,87,1
Corn_Common_Rust (180).JPG,0.282318115234375,7272.771563495115,11,1
Corn_Common_Rust (181).JPG,0.076324462890625,5854.715559629916,37,1
Corn_Common_Rust (182).JPG,0.0478668212890625,5309.753531569775,11,1
Corn_Common_Rust (183).JPG,0.079559326171875,6118.151424329691,22,1
Corn_Common_Rust (184).JPG,0.101470947265625,7622.288858812064,33,1
Corn_Common_Rust (185).JPG,0.0450439453125,5755.959782671858,23,1
Corn_Common_Rust (186).JPG,0.006011962890625,7535.75824671581,2,1
Corn_Common_Rust (187).JPG,0.062255859375,7686.766606534071,25,1
Corn_Common_Rust (188).JPG,0.0516204833984375,10144.698055648609,4,1
Corn_Common_Rust (189).JPG,0.0517120361328125,6346.086669521046,20,1
Corn_Common_Rust (19).jpg,0.0399167727208452,2402.062248285663,24,1
Corn_Common_Rust (190).JPG,0.026702880859375,6622.304681111262,16,1
Corn_Common_Rust (191).JPG,0.020843505859375,10628.924552238477,9,1
Corn_Common_Rust (192).JPG,0.00494384765625,11158.881098183512,4,1
Corn_Common_Rust (193).JPG,0.1119232177734375,7440.277612026603,40,1
Corn_Common_Rust (194).JPG,0.0483551025390625,6423.471920422508,20,1
Corn_Common_Rust (195).JPG,0.0416259765625,5911.55311962102,10,1
Corn_Common_Rust (196).JPG,0.008697509765625,6255.939388684674,4,1
Corn_Common_Rust (197).JPG,0.0211029052734375,4012.103041555974,9,1
Corn_Common_Rust (198).JPG,0.1287384033203125,7302.44320288059,34,1
Corn_Common_Rust (199).JPG,0.0315399169921875,5730.688984275165,16,1
Corn_Common_Rust (2).jpg,0.34346832276706774,3226.545467578364,23,1
Corn_Common_Rust (20).jpg,0.23458333333333334,2329.1996965055864,3,1
Corn_Common_Rust (200).JPG,0.0070343017578125,10874.89779082292,1,1
Corn_Common_Rust (201).JPG,0.1026458740234375,9174.0213129762,36,1
Corn_Common_Rust (202).JPG,0.1300811767578125,9678.012022982068,39,1
Corn_Common_Rust (203).JPG,0.04132080078125,6164.332591612838,18,1
Corn_Common_Rust (204).JPG,0.2325897216796875,9316.549088466436,24,1
Corn_Common_Rust (205).JPG,0.10382080078125,7781.882019261555,40,1
Corn_Common_Rust (206).JPG,0.1912078857421875,8605.624481497354,40,1
Corn_Common_Rust (207).JPG,0.0998382568359375,10562.352194007419,16,1
Corn_Common_Rust (208).JPG,0.193603515625,10431.631703765186,49,1
Corn_Common_Rust (209).JPG,0.2315521240234375,5148.345357828704,42,1
Corn_Common_Rust (21).jpg,0.9734624610625285,1473.7052703253357,1,1
Corn_Common_Rust (210).JPG,0.1063690185546875,6393.299408490705,38,1
Corn_Common_Rust (211).JPG,0.197265625,6378.860001477115,31,1
Corn_Common_Rust (212).JPG,0.1841888427734375,7581.292497496963,17,1
Corn_Common_Rust (213).JPG,0.061614990234375,7732.829781107018,19,1
Corn_Common_Rust (214).JPG,0.1037445068359375,8971.073615949656,41,1
Corn_Common_Rust (215).JPG,0.04766845703125,7733.882707081239,22,1
Corn_Common_Rust (216).JPG,0.126129150390625,10343.600413265089,22,1
Corn_Common_Rust (217).JPG,0.0994415283203125,7597.112978024523,27,1
Corn_Common_Rust (218).JPG,0.0467987060546875,6685.181717255076,5,1
Corn_Common_Rust (219).JPG,0.10809326171875,7503.264054573342,15,1
Corn_Common_Rust (22).jpg,0.1925042470296224,1630.4351142991538,836,1
Corn_Common_Rust (220).JPG,0.020111083984375,7393.428584967672,10,1
Corn_Common_Rust (221).JPG,0.3884429931640625,8022.897458294969,25,1
Corn_Common_Rust (222).JPG,0.2695465087890625,8448.030747452834,12,1
Corn_Common_Rust (223).JPG,0.4267120361328125,7493.887662426307,16,1
Corn_Common_Rust (224).JPG,0.0204925537109375,8984.618084709251,9,1
Corn_Common_Rust (225).JPG,0.03143310546875,5748.820535680721,14,1
Corn_Common_Rust (226).JPG,0.12371826171875,5247.2709608988225,46,1
Corn_Common_Rust (227).JPG,0.2461395263671875,7106.804432593704,35,1
Corn_Common_Rust (228).JPG,0.45574951171875,8920.57877192341,4,1
Corn_Common_Rust (229).JPG,0.077972412109375,7284.301159201913,28,1
Corn_Common_Rust (23).jpg,0.9629174168381345,867.779902071224,7,1
Corn_Common_Rust (230).JPG,0.0186920166015625,6061.370724617664,11,1
Corn_Common_Rust (231).JPG,0.0997467041015625,6232.770078925594,27,1
Corn_Common_Rust (232).JPG,0.0158843994140625,5981.8139295450255,10,1
Corn_Common_Rust (233).JPG,0.035675048828125,4387.783530736267,15,1
Corn_Common_Rust (234).JPG,0.0872650146484375,9265.505803434738,23,1
Corn_Common_Rust (235).JPG,0.0678253173828125,6160.745488976607,29,1
Corn_Common_Rust (236).JPG,0.1316986083984375,9230.472830616369,36,1
Corn_Common_Rust (237).JPG,0.0999298095703125,7922.081035455618,20,1
Corn_Common_Rust (238).JPG,0.249237060546875,11146.02411798057,26,1
Corn_Common_Rust (239).JPG,0.237823486328125,10680.060069158364,12,1
Corn_Common_Rust (24).jpg,0.01681675392670157,1435.9796576734425,32,1
Corn_Common_Rust (240).JPG,0.025390625,10143.906042907238,5,1
Corn_Common_Rust (241).JPG,0.0991973876953125,6690.909674647308,23,1
Corn_Common_Rust (242).JPG,0.0288543701171875,6774.792356555584,9,1
Corn_Common_Rust (243).JPG,0.1602325439453125,11928.134524037796,29,1
Corn_Common_Rust (244).JPG,0.048370361328125,6623.237549936765,16,1
Corn_Common_Rust (245).JPG,0.056854248046875,10281.856929568094,19,1
Corn_Common_Rust (246).JPG,0.0291900634765625,11779.770459537927,12,1
Corn_Common_Rust (247).JPG,0.0264129638671875,8847.689156298253,12,1
Corn_Common_Rust (248).JPG,0.0098724365234375,7024.567778128804,4,1
Corn_Common_Rust (249).JPG,0.2193450927734375,7387.670034027438,41,1
Corn_Common_Rust (25).jpg,0.7614329570211923,7520.684357330794,22,1
Corn_Common_Rust (250).JPG,0.2588958740234375,7855.82308974682,20,1
Corn_Common_Rust (251).JPG,0.1443939208984375,8140.324588423929,51,1
Corn_Common_Rust (252).JPG,0.0668182373046875,8774.178187658736,28,1
Corn_Common_Rust (253).JPG,0.0642852783203125,10900.248129270572,26,1
Corn_Common_Rust (254).JPG,0.0258026123046875,8621.726611744049,13,1
Corn_Common_Rust (255).JPG,0.118560791015625,11888.801316277892,16,1
Corn_Common_Rust (256).JPG,0.0477294921875,8831.92209496059,14,1
Corn_Common_Rust (257).JPG,0.0616607666015625,8391.36347245461,10,1
Corn_Common_Rust (258).JPG,0.0762481689453125,11827.532176895435,22,1
Corn_Common_Rust (259).JPG,0.0156707763671875,8945.85680489149,8,1
Corn_Common_Rust (26).jpg,0.08863790849673203,7452.14575328731,36,1
Corn_Common_Rust (260).JPG,0.074920654296875,6791.916084869319,25,1
Corn_Common_Rust (261).JPG,0.04595947265625,8195.996219009276,20,1
Corn_Common_Rust (262).JPG,0.25634765625,9279.092393166391,22,1
Corn_Common_Rust (263).JPG,0.0599212646484375,6865.165249722628,13,1
Corn_Common_Rust (264).JPG,0.0067291259765625,6685.878230173503,4,1
Corn_Common_Rust (265).JPG,0.1530609130859375,9128.955175734905,37,1
Corn_Common_Rust (266).JPG,0.20111083984375,7913.857706896622,31,1
Corn_Common_Rust (267).JPG,0.18182373046875,8283.671853995438,30,1
Corn_Common_Rust (268).JPG,0.2201080322265625,8711.795408550208,38,1
Corn_Common_Rust (269).JPG,0.143341064453125,6263.0592934644765,37,1
Corn_Common_Rust (27).jpg,0.1459605747396445,3160.4667659551073,116,1
Corn_Common_Rust (270).JPG,0.3279266357421875,7191.861620938698,15,1
Corn_Common_Rust (271).JPG,0.3096466064453125,8142.043215019032,10,1
Corn_Common_Rust (272).JPG,0.2418670654296875,7364.475022490712,16,1
Corn_Common_Rust (273).JPG,0.145599365234375,6559.268583375337,19,1
Corn_Common_Rust (274).JPG,0.0782012939453125,5436.146032714405,14,1
Corn_Common_Rust (275).JPG,0.403717041015625,7289.218242673403,3,1
Corn_Common_Rust (276).JPG,0.4748077392578125,7829.718717072548,13,1
Corn_Common_Rust (277).JPG,0.066619873046875,5314.606037910442,26,1
Corn_Common_Rust (278).JPG,0.05609130859375,5502.33378695417,8,1
Corn_Common_Rust (279).JPG,0.2834625244140625,9514.59494042229,26,1
Corn_Common_Rust (28).jpg,0.21816365602569254,4557.0824278422415,143,1
Corn_Common_Rust (280).JPG,0.336151123046875,9437.14885327595,7,1
Corn_Common_Rust (281).JPG,0.1306915283203125,9089.110394430201,9,1
Corn_Common_Rust (282).JPG,0.0093841552734375,7372.565482187361,6,1
Corn_Common_Rust (283).JPG,0.2333831787109375,8189.988043080201,21,1
Corn_Common_Rust (284).JPG,0.2550506591796875,8293.05628718315,41,1
Corn_Common_Rust (285).JPG,0.01788330078125,8367.075805839318,5,1
Corn_Common_Rust (286).JPG,0.0442962646484375,5996.573137704237,7,1
Corn_Common_Rust (287).JPG,0.046417236328125,9011.61758381539,15,1
Corn_Common_Rust (288).JPG,0.194671630859375,8487.23942697756,16,1
Corn_Common_Rust (289).JPG,0.049530029296875,8037.610624821287,14,1
Corn_Common_Rust (29).jpg,0.2382074074074074,4575.541435702162,4,1
Corn_Common_Rust (290).JPG,0.2144775390625,9906.60007557752,37,1
Corn_Common_Rust (291).JPG,0.1437835693359375,7736.223943309187,44,1
Corn_Common_Rust (292).JPG,0.0864410400390625,8504.626676374768,25,1
Corn_Common_Rust (293).JPG,0.12896728515625,6263.144692844857,32,1
Corn_Common_Rust (294).JPG,0.4297027587890625,8013.191250583211,18,1
Corn_Common_Rust (295).JPG,0.405517578125,8392.515806397143,8,1
Corn_Common_Rust (296).JPG,0.0189971923828125,8486.716045707402,14,1
Corn_Common_Rust (297).JPG,0.0042572021484375,7925.297936392796,2,1
Corn_Common_Rust (298).JPG,0.0570526123046875,9490.20820522069,17,1
Corn_Common_Rust (299).JPG,0.0809783935546875,8969.236537072358,32,1
Corn_Common_Rust (3).jpg,0.02188185572331914,3885.8611139553427,5,1
Corn_Common_Rust (30).jpg,0.07933050022893773,3673.215040340198,70,1
Corn_Common_Rust (300).JPG,0.0762481689453125,8278.74177737187,39,1
Corn_Common_Rust (301).JPG,0.001708984375,6940.801562379428,0,1
Corn_Common_Rust (302).JPG,0.014404296875,7924.86635679602,4,1
Corn_Common_Rust (303).JPG,0.099639892578125,8830.927173668035,41,1
Corn_Common_Rust (304).JPG,0.086639404296875,7665.050802645024,29,1
Corn_Common_Rust (305).JPG,0.0614471435546875,5570.992235840045,10,1
Corn_Common_Rust (306).JPG,0.2545166015625,9304.057555094128,25,1
Corn_Common_Rust (307).JPG,0.3315887451171875,10155.965581007906,18,1
Corn_Common_Rust (308).JPG,0.1801605224609375,6752.511868559476,25,1
Corn_Common_Rust (309).JPG,0.212890625,8759.141213856201,28,1
Corn_Common_Rust (31).jpg,0.7868402962962963,1863.3457490042008,95,1
Corn_Common_Rust (310).JPG,0.1485595703125,7364.235478438501,40,1
Corn_Common_Rust (311).JPG,0.0935211181640625,9357.470812431937,17,1
Corn_Common_Rust (312).JPG,0.0271148681640625,7907.194536445304,6,1
Corn_Common_Rust (313).JPG,0.04296875,8038.030144624748,24,1
Corn_Common_Rust (314).JPG,0.0598907470703125,8327.352840734224,25,1
Corn_Common_Rust (315).JPG,0.0595245361328125,10704.30867240948,14,1
Corn_Common_Rust (316).JPG,0.05059814453125,8307.096525100704,13,1
Corn_Common_Rust (317).JPG,0.0564117431640625,8220.3321430422,27,1
Corn_Common_Rust (318).JPG,0.0821533203125,5838.061873236886,37,1
Corn_Common_Rust (319).JPG,0.0764923095703125,6499.0895406669315,33,1
Corn_Common_Rust (32).jpg,0.5009027777777778,8320.040335917462,190,1
Corn_Common_Rust (320).JPG,0.237060546875,7656.042431100564,17,1
Corn_Common_Rust (321).JPG,0.07012939453125,7447.744593578115,17,1
Corn_Common_Rust (322).JPG,0.0336761474609375,6395.025598821434,16,1
Corn_Common_Rust (323).JPG,0.0072174072265625,7369.533000368741,4,1
Corn_Common_Rust (324).JPG,0.0267333984375,9181.701655694751,10,1
Corn_Common_Rust (325).JPG,0.0123748779296875,8815.86281238269,4,1
Corn_Common_Rust (326).JPG,0.03759765625,7167.140423264982,24,1
Corn_Common_Rust (327).JPG,0.039337158203125,8992.051925671709,18,1
Corn_Common_Rust (328).JPG,0.09295654296875,7341.188712770586,16,1
Corn_Common_Rust (329).JPG,0.023681640625,7070.07350682061,7,1
Corn_Common_Rust (33).jpg,0.09195428571428571,3727.4716956454295,49,1
Corn_Common_Rust (330).JPG,0.22576904296875,8602.027676616166,26,1
Corn_Common_Rust (331).JPG,0.21258544921875,7803.803770805412,39,1
Corn_Common_Rust (332).JPG,0.0526123046875,4043.7744014391237,30,1
Corn_Common_Rust (333).JPG,0.163299560546875,9428.070205227088,38,1
Corn_Common_Rust (334).JPG,0.06512451171875,8580.093460870652,39,1
Corn_Common_Rust (335).JPG,0.0176544189453125,3234.6088957423203,11,1
Corn_Common_Rust (336).JPG,0.09912109375,7342.77445002519,38,1
Corn_Common_Rust (337).JPG,0.31365966796875,10777.426193288036,18,1
Corn_Common_Rust (338).JPG,0.3287200927734375,8439.764348803536,30,1
Corn_Common_Rust (339).JPG,0.1337127685546875,6731.371556167658,36,1
Corn_Common_Rust (34).jpg,0.3487873134328358,6169.076998080734,32,1
Corn_Common_Rust (340).JPG,0.078521728515625,8280.330799963753,31,1
Corn_Common_Rust (341).JPG,0.040191650390625,8417.718663545907,17,1
Corn_Common_Rust (342).JPG,0.0197906494140625,8855.502475371472,8,1
Corn_Common_Rust (343).JPG,0.1639556884765625,7204.779847203574,38,1
Corn_Common_Rust (344).JPG,0.1910400390625,6602.879033813713,31,1
Corn_Common_Rust (345).JPG,0.1183013916015625,5818.032356742389,22,1
Corn_Common_Rust (346).JPG,0.240509033203125,9441.90667085501,34,1
Corn_Common_Rust (347).JPG,0.1767578125,9333.922227119354,29,1
Corn_Common_Rust (348).JPG,0.0970306396484375,8628.47448594735,21,1
Corn_Common_Rust (349).JPG,0.02459716796875,6131.112557376045,12,1
Corn_Common_Rust (35).jpg,0.01673904761904762,2375.8560185290044,21,1
Corn_Common_Rust (350).JPG,0.0040130615234375,6658.328756293935,2,1
Corn_Common_Rust (351).JPG,0.026947021484375,9261.978056966835,10,1
Corn_Common_Rust (352).JPG,0.264251708984375,9033.828815200519,36,1
Corn_Common_Rust (353).JPG,0.212127685546875,7996.979462155178,60,1
Corn_Common_Rust (354).JPG,0.05035400390625,4774.116128729335,26,1
Corn_Common_Rust (355).JPG,0.0341949462890625,8506.130132039601,16,1
Corn_Common_Rust (356).JPG,0.454315185546875,5076.115949925855,20,1
Corn_Common_Rust (357).JPG,0.1644287109375,6839.92246523189,24,1
Corn_Common_Rust (358).JPG,0.053375244140625,7152.749127804727,27,1
Corn_Common_Rust (359).JPG,0.5246124267578125,8313.97862811658,2,1
Corn_Common_Rust (36).jpg,0.11728380952380953,1858.8746761243235,48,1
Corn_Common_Rust (360).JPG,0.0366973876953125,5472.0057498335655,21,1
Corn_Common_Rust (361).JPG,0.041656494140625,5033.216286157112,10,1
Corn_Common_Rust (362).JPG,0.0555267333984375,6723.76426033206,32,1
Corn_Common_Rust (363).JPG,0.044189453125,7400.341336357436,20,1
Corn_Common_Rust (364).JPG,0.0776519775390625,5620.095609593742,24,1
Corn_Common_Rust (365).JPG,0.087799072265625,6321.868728173878,34,1
Corn_Common_Rust (366).JPG,0.063079833984375,5962.198119457257,32,1
Corn_Common_Rust (367).JPG,0.2552642822265625,6160.085298247537,19,1
Corn_Common_Rust (368).JPG,0.334442138671875,7083.800243535301,44,1
Corn_Common_Rust (369).JPG,0.073455810546875,5628.407284612623,36,1
Corn_Common_Rust (37).jpg,0.02944,2521.1891520463478,30,1
Corn_Common_Rust (370).JPG,0.0549163818359375,7775.418702361157,24,1
Corn_Common_Rust (371).JPG,0.148651123046875,6806.265474806821,22,1
Corn_Common_Rust (372).JPG,0.251983642578125,7475.8680981301495,33,1
Corn_Common_Rust (373).JPG,0.3516998291015625,8901.216600841006,27,1
Corn_Common_Rust (374).JPG,0.056640625,4969.441599824681,17,1
Corn_Common_Rust (375).JPG,0.05596923828125,6138.451433191018,23,1
Corn_Common_Rust (376).JPG,0.048004150390625,7413.822832490028,17,1
Corn_Common_Rust (377).JPG,0.0728759765625,6648.874132900532,24,1
Corn_Common_Rust (378).JPG,0.072601318359375,6132.25130503155,30,1
Corn_Common_Rust (379).JPG,0.016143798828125,9711.544908599337,8,1
Corn_Common_Rust (38).jpg,0.08372952380952381,3211.3008767764372,38,1
Corn_Common_Rust (380).JPG,0.14605712890625,8951.039270163199,23,1
Corn_Common_Rust (381).JPG,0.109161376953125,5252.357080033117,20,1
Corn_Common_Rust (382).JPG,0.2256927490234375,6400.51876667163,28,1
Corn_Common_Rust (383).JPG,0.05450439453125,6914.536667942322,23,1
Corn_Common_Rust (384).JPG,0.064727783203125,5542.49653243027,16,1
Corn_Common_Rust (385).JPG,0.0698089599609375,5619.97071619314,29,1
Corn_Common_Rust (386).JPG,0.06268310546875,6995.991691006651,24,1
Corn_Common_Rust (387).JPG,0.043212890625,6416.860877273364,18,1
Corn_Common_Rust (388).JPG,0.025054931640625,6162.6928786453755,5,1
Corn_Common_Rust (389).JPG,0.009002685546875,7260.740731329379,4,1
Corn_Common_Rust (39).jpg,0.0178369140625,642.1409573056981,112,1
Corn_Common_Rust (390).JPG,0.0082244873046875,6792.660528093819,6,1
Corn_Common_Rust (391).JPG,0.151763916015625,9636.203815314879,35,1
Corn_Common_Rust (392).JPG,0.038177490234375,6507.771238229295,19,1
Corn_Common_Rust (393).JPG,0.1245269775390625,7756.572725737561,34,1
Corn_Common_Rust (394).JPG,0.2044677734375,7272.471813255152,28,1
Corn_Common_Rust (395).JPG,0.09466552734375,4192.109322738473,44,1
Corn_Common_Rust (396).JPG,0.288299560546875,11375.3139950664,14,1
Corn_Common_Rust (397).JPG,0.2425537109375,8127.068309510454,19,1
Corn_Common_Rust (398).JPG,0.038604736328125,7724.361644058568,24,1
Corn_Common_Rust (399).JPG,0.053558349609375,6269.139773400222,24,1
Corn_Common_Rust (4).jpg,0.18973707849640686,3151.2125711849917,39,1
Corn_Common_Rust (40).jpg,0.24375225640819928,2790.0505805074504,49,1
Corn_Common_Rust (400).JPG,0.0410308837890625,7450.21421745102,12,1
Corn_Common_Rust (401).JPG,0.0044403076171875,7686.728303559163,2,1
Corn_Common_Rust (402).JPG,0.0191650390625,4882.61900280102,9,1
Corn_Common_Rust (403).JPG,0.02117919921875,6738.503602883119,9,1
Corn_Common_Rust (404).JPG,0.208831787109375,5205.428522694372,39,1
Corn_Common_Rust (405).JPG,0.182708740234375,7063.832085235212,28,1
Corn_Common_Rust (406).JPG,0.0231475830078125,5322.732576186894,13,1
Corn_Common_Rust (407).JPG,0.0705413818359375,6714.76302182534,25,1
Corn_Common_Rust (408).JPG,0.252197265625,8405.520404196512,43,1
Corn_Common_Rust (409).JPG,0.0104827880859375,4277.074898629878,4,1
Corn_Common_Rust (41).jpg,0.03638786764705882,7376.008683076701,11,1
Corn_Common_Rust (410).JPG,0.095947265625,10350.55626867847,17,1
Corn_Common_Rust (411).JPG,0.005615234375,7078.26409540089,1,1
Corn_Common_Rust (412).JPG,0.022125244140625,7361.351921625848,12,1
Corn_Common_Rust (413).JPG,0.13250732421875,8215.279485211617,42,1
Corn_Common_Rust (414).JPG,0.0582122802734375,9186.942277563307,22,1
Corn_Common_Rust (415).JPG,0.08184814453125,8130.179567830044,17,1
Corn_Common_Rust (416).JPG,0.0013580322265625,6909.98242802136,0,1
Corn_Common_Rust (417).JPG,0.0174407958984375,7215.650469409737,8,1
Corn_Common_Rust (418).JPG,0.0926971435546875,10956.952211874543,33,1
Corn_Common_Rust (419).JPG,0.0139923095703125,10171.74011186065,5,1
Corn_Common_Rust (42).jpg,0.2370722433460076,15499.785923390475,18,1
Corn_Common_Rust (420).JPG,0.0320281982421875,10902.66221477247,20,1
Corn_Common_Rust (421).JPG,0.0451202392578125,4813.32458661055,11,1
Corn_Common_Rust (422).JPG,0.0121612548828125,4180.000565774813,5,1
Corn_Common_Rust (423).JPG,0.1513671875,9320.93726004376,25,1
Corn_Common_Rust (424).JPG,0.173828125,6393.076219571571,29,1
Corn_Common_Rust (425).JPG,0.061920166015625,5920.864104908476,23,1
Corn_Common_Rust (426).JPG,0.0132598876953125,8765.167240182116,5,1
Corn_Common_Rust (427).JPG,0.024658203125,10578.3395592776,6,1
Corn_Common_Rust (428).JPG,0.07464599609375,3706.683774670738,27,1
Corn_Common_Rust (429).JPG,0.0550079345703125,5462.983831908412,17,1
Corn_Common_Rust (43).jpg,0.4550259067357513,4306.368281026208,31,1
Corn_Common_Rust (430).JPG,0.0108184814453125,11414.745217849344,7,1
Corn_Common_Rust (431).JPG,0.0258026123046875,9391.266848327405,8,1
Corn_Common_Rust (432).JPG,0.0588226318359375,5859.680519711668,24,1
Corn_Common_Rust (433).JPG,0.0566864013671875,6593.019115736262,28,1
Corn_Common_Rust (434).JPG,0.267974853515625,5318.527067354297,54,1
Corn_Common_Rust (435).JPG,0.2816925048828125,9955.911191232646,10,1
Corn_Common_Rust (436).JPG,0.0146636962890625,7990.913253800885,7,1
Corn_Common_Rust (437).JPG,0.00408935546875,9385.6174642732,3,1
Corn_Common_Rust (438).JPG,0.02099609375,5152.186885472931,6,1
Corn_Common_Rust (439).JPG,0.0106048583984375,3009.9806514865672,4,1
Corn_Common_Rust (44).jpg,0.12157128904633416,1958.68549046567,43,1
Corn_Common_Rust (440).JPG,0.166229248046875,7575.5109321596465,32,1
Corn_Common_Rust (441).JPG,0.1088714599609375,6746.730627242581,13,1
Corn_Common_Rust (442).JPG,0.18890380859375,5704.140758963415,58,1
Corn_Common_Rust (443).JPG,0.1288604736328125,6792.928744183098,52,1
Corn_Common_Rust (444).JPG,0.0598297119140625,8332.566939221488,17,1
Corn_Common_Rust (445).JPG,0.0909423828125,7845.833916491345,21,1
Corn_Common_Rust (446).JPG,0.0438995361328125,8672.59202021367,17,1
Corn_Common_Rust (447).JPG,0.035797119140625,9084.12088238992,20,1
Corn_Common_Rust (448).JPG,0.02490234375,4538.53605173204,14,1
Corn_Common_Rust (449).JPG,0.0824737548828125,4978.565343963834,30,1
Corn_Common_Rust (45).jpg,0.040798666666666664,1375.5951025224383,134,1
Corn_Common_Rust (450).JPG,0.0782012939453125,7677.381065934264,31,1
Corn_Common_Rust (451).JPG,0.013519287109375,6346.996896903545,5,1
Corn_Common_Rust (452).JPG,0.0036468505859375,4920.124713819609,0,1
Corn_Common_Rust (453).JPG,0.064666748046875,4323.213787716155,2,1
Corn_Common_Rust (454).JPG,0.0084686279296875,6538.174779265654,4,1
Corn_Common_Rust (455).JPG,0.016510009765625,5314.927403031889,11,1
Corn_Common_Rust (456).JPG,0.0199432373046875,3567.9251252539143,10,1
Corn_Common_Rust (457).JPG,0.0214996337890625,6269.832476267564,9,1
Corn_Common_Rust (458).JPG,0.0325927734375,4499.369732493562,14,1
Corn_Common_Rust (459).JPG,0.0080718994140625,4840.944999082891,3,1
Corn_Common_Rust (46).jpg,0.16098425925925927,2251.177560986347,264,1
Corn_Common_Rust (460).JPG,0.022308349609375,3076.0733328035026,5,1
Corn_Common_Rust (461).JPG,0.01153564453125,7371.505738991291,8,1
Corn_Common_Rust (462).JPG,0.1266021728515625,8096.010793983643,21,1
Corn_Common_Rust (463).JPG,0.07501220703125,7399.982514490021,25,1
Corn_Common_Rust (464).JPG,0.0129241943359375,4703.940499338134,8,1
Corn_Common_Rust (465).JPG,0.0354156494140625,5129.055628822002,12,1
Corn_Common_Rust (466).JPG,0.0366363525390625,6233.059653371237,14,1
Corn_Common_Rust (467).JPG,0.0669403076171875,7836.345818387497,19,1
Corn_Common_Rust (468).JPG,0.04901123046875,8719.67427386441,14,1
Corn_Common_Rust (469).JPG,0.025146484375,7693.958123587614,11,1
Corn_Common_Rust (47).jpg,0.3295071267816954,2983.984378180876,121,1
Corn_Common_Rust (470).JPG,0.14990234375,7118.312546544472,17,1
Corn_Common_Rust (471).JPG,0.2225494384765625,7304.911350166155,31,1
Corn_Common_Rust (472).JPG,0.04949951171875,8181.131772900732,19,1
Corn_Common_Rust (473).JPG,0.0804901123046875,9349.890359291203,27,1
Corn_Common_Rust (474).JPG,0.0169830322265625,6729.429810257741,9,1
Corn_Common_Rust (475).JPG,0.061248779296875,6511.618309227144,30,1
Corn_Common_Rust (476).JPG,0.0850677490234375,8503.968062253782,24,1
Corn_Common_Rust (477).JPG,0.264923095703125,7305.354458376785,37,1
Corn_Common_Rust (478).JPG,0.0525665283203125,6530.657509103079,22,1
Corn_Common_Rust (479).JPG,0.05474853515625,8530.903475529107,16,1
Corn_Common_Rust (48).jpg,0.03310092592592592,2925.820696231851,140,1
Corn_Common_Rust (480).JPG,0.12640380859375,6894.270208306192,28,1
Corn_Common_Rust (481).JPG,0.0756683349609375,7248.156261963022,22,1
Corn_Common_Rust (482).JPG,0.0169525146484375,7598.282469811039,6,1
Corn_Common_Rust (483).JPG,0.336212158203125,7933.010102476365,28,1
Corn_Common_Rust (484).JPG,0.098907470703125,7178.436173584932,25,1
Corn_Common_Rust (485).JPG,0.1864013671875,8914.682313526358,53,1
Corn_Common_Rust (486).JPG,0.068603515625,9472.429842820751,27,1
Corn_Common_Rust (487).JPG,0.007720947265625,5576.862411209271,3,1
Corn_Common_Rust (488).JPG,0.0484771728515625,5693.137365159286,28,1
Corn_Common_Rust (489).JPG,0.03472900390625,6084.2710531461735,17,1
Corn_Common_Rust (49).jpg,0.08691222805701425,4341.995271863428,253,1
Corn_Common_Rust (490).JPG,0.2440643310546875,8116.5515304768305,27,1
Corn_Common_Rust (491).JPG,0.2750396728515625,8816.869941621086,44,1
Corn_Common_Rust (492).JPG,0.1658782958984375,7490.332360239243,51,1
Corn_Common_Rust (493).JPG,0.011199951171875,5272.015343677241,7,1
Corn_Common_Rust (494).JPG,0.084808349609375,4862.535000209666,24,1
Corn_Common_Rust (495).JPG,0.0933685302734375,7197.032351345635,22,1
Corn_Common_Rust (496).JPG,0.0190277099609375,6234.8390554803145,2,1
Corn_Common_Rust (497).JPG,0.01611328125,7310.069550287639,8,1
Corn_Common_Rust (498).JPG,0.22003173828125,7250.307236752145,39,1
Corn_Common_Rust (499).JPG,0.1334686279296875,9666.082783705844,44,1
Corn_Common_Rust (5).jpg,0.01820620223398001,7116.449963613549,5,1
Corn_Common_Rust (50).jpg,0.37081525312294544,2388.274074711097,81,1
Corn_Common_Rust (500).JPG,0.003570556640625,4601.768952135606,2,1
Corn_Common_Rust (501).JPG,0.2595977783203125,8057.303658787649,31,1
Corn_Common_Rust (502).JPG,0.1915435791015625,8640.081352509602,23,1
Corn_Common_Rust (503).JPG,0.013031005859375,6476.924066471257,7,1
Corn_Common_Rust (504).JPG,0.1009063720703125,6503.32698059969,18,1
Corn_Common_Rust (505).JPG,0.25830078125,6907.900927681844,46,1
Corn_Common_Rust (506).JPG,0.0570068359375,7851.758647041203,24,1
Corn_Common_Rust (507).JPG,0.0320587158203125,7763.050830816986,19,1
Corn_Common_Rust (508).JPG,0.0121612548828125,5772.800427965229,3,1
Corn_Common_Rust (509).JPG,0.048187255859375,5082.146518130419,15,1
Corn_Common_Rust (51).jpg,0.09384259259259259,1723.2118498788898,66,1
Corn_Common_Rust (510).JPG,0.006622314453125,6653.551864873887,4,1
Corn_Common_Rust (511).JPG,0.0069732666015625,3927.435828939612,3,1
Corn_Common_Rust (512).JPG,0.0024261474609375,6666.99995931729,0,1
Corn_Common_Rust (513).JPG,0.0300445556640625,6947.318174330021,13,1
Corn_Common_Rust (514).JPG,0.054718017578125,6329.561490394552,21,1
Corn_Common_Rust (515).JPG,0.00408935546875,4721.900878687849,2,1
Corn_Common_Rust (516).JPG,0.298492431640625,7980.078065043326,38,1
Corn_Common_Rust (517).JPG,0.2204132080078125,8147.5393188599455,36,1
Corn_Common_Rust (518).JPG,0.10125732421875,5817.110799121214,35,1
Corn_Common_Rust (519).JPG,0.01300048828125,6249.906828627167,6,1
Corn_Common_Rust (52).jpg,0.32669554177233623,3461.820271320392,57,1
Corn_Common_Rust (520).JPG,0.021575927734375,5768.754186002885,10,1
Corn_Common_Rust (521).JPG,0.1861572265625,7251.837597802106,39,1
Corn_Common_Rust (522).JPG,0.127655029296875,8487.825746705843,43,1
Corn_Common_Rust (523).JPG,0.1948699951171875,7123.54931638403,20,1
Corn_Common_Rust (524).JPG,0.0431976318359375,6385.558589303604,16,1
Corn_Common_Rust (525).JPG,0.0570068359375,5385.876782284088,30,1
Corn_Common_Rust (526).JPG,0.026275634765625,6299.558786190713,11,1
Corn_Common_Rust (527).JPG,0.0223388671875,9150.762102308103,11,1
Corn_Common_Rust (528).JPG,0.0282745361328125,3379.3785853752515,11,1
Corn_Common_Rust (529).JPG,0.2122650146484375,12012.93127585452,44,1
Corn_Common_Rust (53).jpg,0.021255769536845458,6367.217142615976,16,1
Corn_Common_Rust (530).JPG,0.23187255859375,9592.23354389292,36,1
Corn_Common_Rust (531).JPG,0.1791839599609375,9542.073860189503,9,1
Corn_Common_Rust (532).JPG,0.08233642578125,6354.460544097816,34,1
Corn_Common_Rust (533).JPG,0.0149078369140625,6759.445845742005,5,1
Corn_Common_Rust (534).JPG,0.1291351318359375,4039.6024036981185,62,1
Corn_Common_Rust (535).JPG,0.0276641845703125,6347.300886223869,9,1
Corn_Common_Rust (536).JPG,0.046142578125,6327.050074907347,16,1
Corn_Common_Rust (537).JPG,0.0218353271484375,5758.921658694291,9,1
Corn_Common_Rust (538).JPG,0.028228759765625,4550.069913749296,13,1
Corn_Common_Rust (539).JPG,0.0298309326171875,7051.272489452251,13,1
Corn_Common_Rust (54).jpg,0.16319659176802034,6940.530368057084,64,1
Corn_Common_Rust (540).JPG,0.0196075439453125,5780.796781996351,12,1
Corn_Common_Rust (541).JPG,0.08245849609375,8360.9323488347,16,1
Corn_Common_Rust (542).JPG,0.156280517578125,6889.762023712758,18,1
Corn_Common_Rust (543).JPG,0.162109375,7236.4799650412315,16,1
Corn_Common_Rust (544).JPG,0.134185791015625,10347.868056638494,35,1
Corn_Common_Rust (545).JPG,0.0449371337890625,6905.005894184922,12,1
Corn_Common_Rust (546).JPG,0.0667572021484375,5415.245762106286,28,1
Corn_Common_Rust (547).JPG,0.0279083251953125,7619.881925836102,10,1
Corn_Common_Rust (548).JPG,0.06695556640625,7710.641411111038,22,1
Corn_Common_Rust (549).JPG,0.1158447265625,6771.012276903826,36,1
Corn_Common_Rust (55).jpg,0.024284511784511784,776.8991207317066,26,1
Corn_Common_Rust (550).JPG,0.110260009765625,7688.15503956062,17,1
Corn_Common_Rust (551).JPG,0.01458740234375,5943.770452506409,6,1
Corn_Common_Rust (552).JPG,0.013885498046875,5400.2351000259805,4,1
Corn_Common_Rust (553).JPG,0.2756500244140625,7755.818532017041,22,1
Corn_Common_Rust (554).JPG,0.4078826904296875,9140.638411341619,15,1
Corn_Common_Rust (555).JPG,0.545135498046875,9612.738397901121,7,1
Corn_Common_Rust (556).JPG,0.1908416748046875,7181.788561678657,33,1
Corn_Common_Rust (557).JPG,0.2425079345703125,8182.426354153809,43,1
Corn_Common_Rust (558).JPG,0.044952392578125,4869.93679226784,27,1
Corn_Common_Rust (559).JPG,0.0064697265625,6462.837267924882,5,1
Corn_Common_Rust (56).jpg,0.033968,620.6153280753897,5,1
Corn_Common_Rust (560).JPG,0.010955810546875,8248.30625686383,8,1
Corn_Common_Rust (561).JPG,0.0228424072265625,4905.8206153775145,14,1
Corn_Common_Rust (562).JPG,0.0223236083984375,5392.477816826093,9,1
Corn_Common_Rust (563).JPG,0.0113983154296875,6933.183968954032,6,1
Corn_Common_Rust (564).JPG,0.133331298828125,6458.105400805637,24,1
Corn_Common_Rust (565).JPG,0.2117919921875,9200.209984307938,43,1
Corn_Common_Rust (566).JPG,0.093597412109375,6521.771972133468,16,1
Corn_Common_Rust (567).JPG,0.1220703125,5116.628870005778,47,1
Corn_Common_Rust (568).JPG,0.030517578125,6588.998159175464,17,1
Corn_Common_Rust (569).JPG,0.071807861328125,6028.992941234879,37,1
Corn_Common_Rust (57).jpg,0.29205533721609295,2097.154770011483,88,1
Corn_Common_Rust (570).JPG,0.0442047119140625,7079.384868733097,20,1
Corn_Common_Rust (571).JPG,0.0803985595703125,6355.001742571048,27,1
Corn_Common_Rust (572).JPG,0.0293426513671875,8082.071440012858,15,1
Corn_Common_Rust (573).JPG,0.04949951171875,6010.661814117346,22,1
Corn_Common_Rust (574).JPG,0.0008697509765625,7394.689293054888,0,1
Corn_Common_Rust (575).JPG,0.0075836181640625,4322.9428226902455,4,1
Corn_Common_Rust (576).JPG,0.3043060302734375,5532.684044675317,42,1
Corn_Common_Rust (577).JPG,0.3468780517578125,6179.846150162611,27,1
Corn_Common_Rust (578).JPG,0.0399627685546875,7553.344728535531,18,1
Corn_Common_Rust (579).JPG,0.111968994140625,7416.813602434012,42,1
Corn_Common_Rust (58).jpg,0.6234334763948498,4889.932198112618,35,1
Corn_Common_Rust (580).JPG,0.0271148681640625,5410.420112088821,15,1
Corn_Common_Rust (581).JPG,0.191650390625,8306.616702032577,30,1
Corn_Common_Rust (582).JPG,0.1262054443359375,8504.619374446527,46,1
Corn_Common_Rust (583).JPG,0.1309967041015625,6704.599935689353,44,1
Corn_Common_Rust (584).JPG,0.33892822265625,6724.63007954422,29,1
Corn_Common_Rust (585).JPG,0.242340087890625,5622.175307207666,41,1
Corn_Common_Rust (586).JPG,0.0575714111328125,9966.461955948796,27,1
Corn_Common_Rust (587).JPG,0.0604248046875,8113.927304354956,29,1
Corn_Common_Rust (588).JPG,0.1179656982421875,2532.6353278561583,51,1
Corn_Common_Rust (589).JPG,0.12518310546875,7598.511043127068,50,1
Corn_Common_Rust (59).jpg,0.22358333333333333,8534.683098077621,37,1
Corn_Common_Rust (590).JPG,0.1516571044921875,8188.9557552501055,55,1
Corn_Common_Rust (591).JPG,0.079620361328125,6527.016554207643,27,1
Corn_Common_Rust (592).JPG,0.179046630859375,7454.920442631515,52,1
Corn_Common_Rust (593).JPG,0.13897705078125,9241.46512168718,41,1
Corn_Common_Rust (594).JPG,0.13458251953125,7807.88635166454,30,1
Corn_Common_Rust (595).JPG,0.09075927734375,5207.258241617194,46,1
Corn_Common_Rust (596).JPG,0.0646820068359375,4098.249368088718,34,1
Corn_Common_Rust (597).JPG,0.2624969482421875,9662.045743118404,42,1
Corn_Common_Rust (598).JPG,0.2665863037109375,6302.9840447148445,47,1
Corn_Common_Rust (599).JPG,0.33343505859375,7827.654210439747,29,1
Corn_Common_Rust (6).jpg,0.13453643773223062,4200.458206275482,30,1
Corn_Common_Rust (60).jpg,0.13809362527311245,1901.7381263361221,23,1
Corn_Common_Rust (600).JPG,0.1965789794921875,6363.658093653277,43,1
Corn_Common_Rust (601).JPG,0.1835479736328125,11243.340836309628,33,1
Corn_Common_Rust (602).JPG,0.3387603759765625,8031.144372674384,50,1
Corn_Common_Rust (603).JPG,0.3214874267578125,3136.4281855057534,46,1
Corn_Common_Rust (604).JPG,0.556060791015625,5020.5917244686825,18,1
Corn_Common_Rust (605).JPG,0.346160888671875,6939.837879160366,49,1
Corn_Common_Rust (606).JPG,0.1009368896484375,7173.627753262606,22,1
Corn_Common_Rust (607).JPG,0.21697998046875,7658.307080303548,37,1
Corn_Common_Rust (608).JPG,0.102935791015625,7319.516403305455,31,1
Corn_Common_Rust (609).JPG,0.0451812744140625,5824.480376354015,15,1
Corn_Common_Rust (61).jpg,0.3628864181382167,11388.484886039985,78,1
Corn_Common_Rust (610).JPG,0.1128692626953125,7053.106227215791,49,1
Corn_Common_Rust (611).JPG,0.0880279541015625,6241.397644304703,30,1
Corn_Common_Rust (612).JPG,0.1245574951171875,7907.797961519238,27,1
Corn_Common_Rust (613).JPG,0.0336761474609375,5114.393852026943,20,1
Corn_Common_Rust (614).JPG,0.024017333984375,4753.0489180078575,14,1
Corn_Common_Rust (615).JPG,0.03594970703125,6991.670448020035,16,1
Corn_Common_Rust (616).JPG,0.066864013671875,4842.311962556589,34,1
Corn_Common_Rust (617).JPG,0.03326416015625,5636.8437194235485,18,1
Corn_Common_Rust (618).JPG,0.103759765625,6180.309618436283,43,1
Corn_Common_Rust (619).JPG,0.06988525390625,6880.116216975817,33,1
Corn_Common_Rust (62).jpg,0.05017093575735181,1679.3202740407394,287,1
Corn_Common_Rust (620).JPG,0.124176025390625,4950.940396675214,38,1
Corn_Common_Rust (621).JPG,0.247283935546875,5954.864687787909,47,1
Corn_Common_Rust (622).JPG,0.2554473876953125,7280.870624810957,33,1
Corn_Common_Rust (623).JPG,0.0859832763671875,5927.735195919865,33,1
Corn_Common_Rust (624).JPG,0.0597076416015625,4908.4538478350605,22,1
Corn_Common_Rust (625).JPG,0.0083770751953125,6418.54241250463,4,1
Corn_Common_Rust (626).JPG,0.0246429443359375,4989.533679480165,4,1
Corn_Common_Rust (627).JPG,0.4450836181640625,8954.991359859312,15,1
Corn_Common_Rust (628).JPG,0.3657989501953125,8267.73724215238,33,1
Corn_Common_Rust (629).JPG,0.199432373046875,7033.219633134868,49,1
Corn_Common_Rust (63).jpg,0.032615607062287146,2146.0292665532866,96,1
Corn_Common_Rust (630).JPG,0.1417999267578125,3705.0455288809435,58,1
Corn_Common_Rust (631).JPG,0.1033172607421875,6628.276935929813,44,1
Corn_Common_Rust (632).JPG,0.0595245361328125,5602.578540507798,25,1
Corn_Common_Rust (633).JPG,0.521026611328125,8677.570323760581,12,1
Corn_Common_Rust (634).JPG,0.1795654296875,6476.593439243323,60,1
Corn_Common_Rust (635).JPG,0.1557159423828125,8180.2289804274205,30,1
Corn_Common_Rust (636).JPG,0.1837310791015625,6138.168194382227,64,1
Corn_Common_Rust (637).JPG,0.059295654296875,6656.0936047692485,33,1
Corn_Common_Rust (638).JPG,0.05145263671875,9167.223801137756,26,1
Corn_Common_Rust (639).JPG,0.0341339111328125,6312.292022778107,11,1
Corn_Common_Rust (64).jpg,0.030480577417062907,1012.1546158006431,196,1
Corn_Common_Rust (640).JPG,0.02099609375,5068.74955538295,9,1
Corn_Common_Rust (641).JPG,0.00439453125,3478.354860673705,2,1
Corn_Common_Rust (642).JPG,0.0459442138671875,6267.476550814442,21,1
Corn_Common_Rust (643).JPG,0.1992950439453125,7733.014416677108,29,1
Corn_Common_Rust (644).JPG,0.2739715576171875,6886.513559261138,24,1
Corn_Common_Rust (645).JPG,0.022003173828125,6380.827148724705,10,1
Corn_Common_Rust (646).JPG,0.027130126953125,5553.268709993158,8,1
Corn_Common_Rust (647).JPG,0.268341064453125,4657.77311488044,44,1
Corn_Common_Rust (648).JPG,0.4099273681640625,8426.53170911709,16,1
Corn_Common_Rust (649).JPG,0.1593017578125,7065.962519614573,40,1
Corn_Common_Rust (65).jpg,0.055789818086637875,3335.4063377470875,124,1
Corn_Common_Rust (650).JPG,0.21441650390625,8671.56454617231,41,1
Corn_Common_Rust (651).JPG,0.2849578857421875,6561.575934016368,24,1
Corn_Common_Rust (652).JPG,0.296844482421875,8420.975664784506,57,1
Corn_Common_Rust (653).JPG,0.04815673828125,4730.467982822994,20,1
Corn_Common_Rust (654).JPG,0.0991058349609375,6462.7674593930315,43,1
Corn_Common_Rust (655).JPG,0.0534210205078125,6315.735582034972,27,1
Corn_Common_Rust (656).JPG,0.0413360595703125,5066.82198295279,22,1
Corn_Common_Rust (657).JPG,0.0809326171875,4457.605437736095,25,1
Corn_Common_Rust (658).JPG,0.052276611328125,5723.642853419088,33,1
Corn_Common_Rust (659).JPG,0.0446929931640625,8645.90872763081,19,1
Corn_Common_Rust (66).jpg,0.11012795098215895,3114.85927488154,47,1
Corn_Common_Rust (660).JPG,0.0522308349609375,9843.892157127208,19,1
Corn_Common_Rust (661).JPG,0.0760650634765625,7019.136007945647,34,1
Corn_Common_Rust (662).JPG,0.029937744140625,7221.083250304983,6,1
Corn_Common_Rust (663).JPG,0.036041259765625,6349.879940566866,3,1
Corn_Common_Rust (664).JPG,0.1500091552734375,5879.7175575300425,22,1
Corn_Common_Rust (665).JPG,0.0075836181640625,6472.973121974986,3,1
Corn_Common_Rust (666).JPG,0.0568084716796875,8942.676955007846,25,1
Corn_Common_Rust (667).JPG,0.0539093017578125,5977.133110319557,20,1
Corn_Common_Rust (668).JPG,0.06353759765625,6180.927621612482,28,1
Corn_Common_Rust (669).JPG,0.025848388671875,6767.275284447498,15,1
Corn_Common_Rust (67).jpg,0.281403262936643,2718.05111458338,46,1
Corn_Common_Rust (670).JPG,0.018585205078125,6055.716417189717,13,1
Corn_Common_Rust (671).JPG,0.148712158203125,5196.798736336516,47,1
Corn_Common_Rust (672).JPG,0.1052398681640625,6424.408285428006,43,1
Corn_Common_Rust (673).JPG,0.0326690673828125,7526.341607200846,17,1
Corn_Common_Rust (674).JPG,0.1673431396484375,7275.504744528129,57,1
Corn_Common_Rust (675).JPG,0.17974853515625,8954.337553402682,41,1
Corn_Common_Rust (676).JPG,0.36090087890625,4971.328947848393,30,1
Corn_Common_Rust (677).JPG,0.2811431884765625,7584.40990820021,24,1
Corn_Common_Rust (678).JPG,0.048095703125,7359.870661388026,26,1
Corn_Common_Rust (679).JPG,0.1179351806640625,5112.471225978918,37,1
Corn_Common_Rust (68).jpg,0.4312109375,3313.1629395888403,28,1
Corn_Common_Rust (680).JPG,0.2737274169921875,9363.621354039467,12,1
Corn_Common_Rust (681).JPG,0.0453948974609375,6078.080318641236,17,1
Corn_Common_Rust (682).JPG,0.034881591796875,5869.049081788719,18,1
Corn_Common_Rust (683).JPG,0.0529022216796875,8773.06539364812,25,1
Corn_Common_Rust (684).JPG,0.070343017578125,6933.609859031155,20,1
Corn_Common_Rust (685).JPG,0.074005126953125,7774.0954684360495,18,1
Corn_Common_Rust (686).JPG,0.1215972900390625,6370.137107619385,40,1
Corn_Common_Rust (687).JPG,0.149749755859375,6896.451345803394,37,1
Corn_Common_Rust (688).JPG,0.1726837158203125,7173.962716917984,15,1
Corn_Common_Rust (689).JPG,0.2781524658203125,8460.628585599998,41,1
Corn_Common_Rust (69).jpg,0.006544952599229086,2675.926674027651,17,1
Corn_Common_Rust (690).JPG,0.3807525634765625,7857.0477750069795,2,1
Corn_Common_Rust (691).JPG,0.1169281005859375,8878.28978168768,31,1
Corn_Common_Rust (692).JPG,0.163818359375,8276.12413210023,21,1
Corn_Common_Rust (693).JPG,0.1111907958984375,7065.623797416605,58,1
Corn_Common_Rust (694).JPG,0.13446044921875,5370.086300427605,51,1
Corn_Common_Rust (695).JPG,0.0151519775390625,4977.84730351106,6,1
Corn_Common_Rust (696).JPG,0.0014801025390625,5578.808313999023,1,1
Corn_Common_Rust (697).JPG,0.024169921875,6798.568307901,14,1
Corn_Common_Rust (698).JPG,0.0039825439453125,6061.764344520321,2,1
Corn_Common_Rust (699).JPG,0.4394073486328125,7398.037400584126,11,1
Corn_Common_Rust (7).jpg,0.4808240519756033,3795.754978873874,33,1
Corn_Common_Rust (70).jpg,0.143837890625,9366.356914241249,138,1
Corn_Common_Rust (700).JPG,0.266571044921875,7280.370316073959,27,1
Corn_Common_Rust (701).JPG,0.11981201171875,5991.696422043535,27,1
Corn_Common_Rust (702).JPG,0.0167083740234375,6096.760350152245,6,1
Corn_Common_Rust (703).JPG,0.0183258056640625,5997.416515210363,8,1
Corn_Common_Rust (704).JPG,0.0678863525390625,4596.483796447197,30,1
Corn_Common_Rust (705).JPG,0.2779083251953125,7063.542041942515,40,1
Corn_Common_Rust (706).JPG,0.118377685546875,4083.9738131341887,23,1
Corn_Common_Rust (707).JPG,0.1725311279296875,5631.437749900555,38,1
Corn_Common_Rust (708).JPG,0.224609375,7017.445136756274,40,1
Corn_Common_Rust (709).JPG,0.25,5289.411766088198,34,1
Corn_Common_Rust (71).jpg,0.4547593858506944,7463.7638652367605,391,1
Corn_Common_Rust (710).JPG,0.241607666015625,7571.816282557325,27,1
Corn_Common_Rust (711).JPG,0.0202484130859375,3535.985106877508,8,1
Corn_Common_Rust (712).JPG,0.216400146484375,6637.208697815564,18,1
Corn_Common_Rust (713).JPG,0.3356170654296875,7738.575579246191,23,1
Corn_Common_Rust (714).JPG,0.2840118408203125,7481.522995556863,26,1
Corn_Common_Rust (715).JPG,0.6006011962890625,6914.22298614845,1,1
Corn_Common_Rust (716).JPG,0.50634765625,6749.38338718565,9,1
Corn_Common_Rust (717).JPG,0.3310089111328125,6141.163255024552,22,1
Corn_Common_Rust (718).JPG,0.32464599609375,4430.535402588295,7,1
Corn_Common_Rust (719).JPG,0.091796875,4841.212032210249,27,1
Corn_Common_Rust (72).JPG,0.0581512451171875,8432.24936140747,21,1
Corn_Common_Rust (720).JPG,0.1735076904296875,5248.647151273846,43,1
Corn_Common_Rust (721).JPG,0.19140625,4722.858937681007,40,1
Corn_Common_Rust (722).JPG,0.4000701904296875,8024.594913592704,3,1
Corn_Common_Rust (723).JPG,0.389862060546875,6554.12026880118,28,1
Corn_Common_Rust (724).JPG,0.2632293701171875,6100.387702993432,25,1
Corn_Common_Rust (725).JPG,0.109130859375,4402.15710453279,22,1
Corn_Common_Rust (726).JPG,0.4532623291015625,10009.824332614975,12,1
Corn_Common_Rust (727).JPG,0.46929931640625,8553.136969875994,14,1
Corn_Common_Rust (728).JPG,0.257720947265625,8756.421736123975,38,1
Corn_Common_Rust (729).JPG,0.2629547119140625,9311.125524385792,29,1
Corn_Common_Rust (73).JPG,0.09332275390625,7206.323995110146,23,1
Corn_Common_Rust (730).JPG,0.169830322265625,5349.284411879569,32,1
Corn_Common_Rust (731).JPG,0.0550384521484375,6169.91849810651,33,1
Corn_Common_Rust (732).JPG,0.2063446044921875,7009.565896596299,56,1
Corn_Common_Rust (733).JPG,0.2154998779296875,5964.212076350166,56,1
Corn_Common_Rust (734).JPG,0.084991455078125,4775.25760678535,43,1
Corn_Common_Rust (735).JPG,0.2029876708984375,6737.465556940967,46,1
Corn_Common_Rust (736).JPG,0.449859619140625,9406.51143860347,11,1
Corn_Common_Rust (737).JPG,0.548187255859375,9149.980520422274,2,1
Corn_Common_Rust (738).JPG,0.2004852294921875,7903.24882718217,53,1
Corn_Common_Rust (739).JPG,0.125823974609375,7500.876122115391,38,1
Corn_Common_Rust (74).JPG,0.1916656494140625,5916.18387921658,51,1
Corn_Common_Rust (740).JPG,0.0512542724609375,9183.062044527298,33,1
Corn_Common_Rust (741).JPG,0.0473480224609375,6286.405490300526,22,1
Corn_Common_Rust (742).JPG,0.0153350830078125,8636.856917812085,8,1
Corn_Common_Rust (743).JPG,0.0057830810546875,6329.775418450392,5,1
Corn_Common_Rust (744).JPG,0.3753814697265625,8124.491124635428,33,1
Corn_Common_Rust (745).JPG,0.603485107421875,6974.897082512958,6,1
Corn_Common_Rust (746).JPG,0.5096893310546875,9190.902881173657,1,1
Corn_Common_Rust (747).JPG,0.29132080078125,5749.658266825252,29,1
Corn_Common_Rust (748).JPG,0.2027587890625,5719.810863512279,34,1
Corn_Common_Rust (749).JPG,0.2981414794921875,6295.528604305958,27,1
Corn_Common_Rust (75).JPG,0.1200103759765625,8795.050954616567,32,1
Corn_Common_Rust (750).JPG,0.47088623046875,10737.907094331309,4,1
Corn_Common_Rust (751).JPG,0.2523040771484375,10596.424872487474,31,1
Corn_Common_Rust (752).JPG,0.267913818359375,7422.360145190825,54,1
Corn_Common_Rust (753).JPG,0.3687286376953125,8691.379003169975,29,1
Corn_Common_Rust (754).JPG,0.3516387939453125,8342.654394634883,16,1
Corn_Common_Rust (755).JPG,0.10272216796875,9618.391647076158,28,1
Corn_Common_Rust (756).JPG,0.011383056640625,7969.474052742649,8,1
Corn_Common_Rust (757).JPG,0.008392333984375,4556.644359325671,6,1
Corn_Common_Rust (758).JPG,0.3128204345703125,6103.860847142392,53,1
Corn_Common_Rust (759).JPG,0.37884521484375,5981.644271079124,30,1
Corn_Common_Rust (76).JPG,0.06640625,9534.411969494999,20,1
Corn_Common_Rust (760).JPG,0.364593505859375,8192.409919098378,18,1
Corn_Common_Rust (761).JPG,0.3043212890625,9103.91728474369,22,1
Corn_Common_Rust (762).JPG,0.5134124755859375,9334.238269189722,5,1
Corn_Common_Rust (763).JPG,0.2004852294921875,5818.005731292369,33,1
Corn_Common_Rust (764).JPG,0.372222900390625,6787.63801001803,17,1
Corn_Common_Rust (765).JPG,0.246185302734375,8720.212660113366,17,1
Corn_Common_Rust (766).JPG,0.1060943603515625,5319.318343409882,22,1
Corn_Common_Rust (767).JPG,0.3421173095703125,8268.15592911189,22,1
Corn_Common_Rust (768).JPG,0.4980316162109375,10137.982988107124,6,1
Corn_Common_Rust (769).JPG,0.514739990234375,7990.002665650938,3,1
Corn_Common_Rust (77).JPG,0.091644287109375,7726.469617708913,20,1
Corn_Common_Rust (770).JPG,0.2779083251953125,8398.929162260709,26,1
Corn_Common_Rust (771).JPG,0.0228271484375,7734.890308177495,13,1
Corn_Common_Rust (772).JPG,0.0391693115234375,8024.949618211799,16,1
Corn_Common_Rust (773).JPG,0.1363677978515625,3843.5327706729095,55,1
Corn_Common_Rust (774).JPG,0.288818359375,7589.333485162097,33,1
Corn_Common_Rust (775).JPG,0.3751373291015625,8571.834372574276,21,1
Corn_Common_Rust (776).JPG,0.16204833984375,5293.1616472616615,59,1
Corn_Common_Rust (777).JPG,0.3836669921875,6888.430412487402,48,1
Corn_Common_Rust (778).JPG,0.5752410888671875,10850.212864962206,3,1
Corn_Common_Rust (779).JPG,0.3770904541015625,7190.710100614504,18,1
Corn_Common_Rust (78).JPG,0.004669189453125,6467.092637890119,2,1
Corn_Common_Rust (780).JPG,0.1391143798828125,7853.7772568261735,48,1
Corn_Common_Rust (781).JPG,0.1143646240234375,5789.020396076299,48,1
Corn_Common_Rust (782).JPG,0.0352325439453125,4533.990717930907,13,1
Corn_Common_Rust (783).JPG,0.010467529296875,5614.844308997043,6,1
Corn_Common_Rust (784).JPG,0.1491241455078125,7870.639107850957,30,1
Corn_Common_Rust (785).JPG,0.07769775390625,4846.211939999772,22,1
Corn_Common_Rust (786).JPG,0.0749359130859375,6339.970744294841,19,1
Corn_Common_Rust (787).JPG,0.2244415283203125,5514.340172211023,57,1
Corn_Common_Rust (788).JPG,0.357452392578125,6788.203948043023,38,1
Corn_Common_Rust (789).JPG,0.714263916015625,7655.021289903167,1,1
Corn_Common_Rust (79).JPG,0.0563201904296875,11347.94537011409,25,1
Corn_Common_Rust (790).JPG,0.59765625,10065.79794976982,2,1
Corn_Common_Rust (791).JPG,0.17572021484375,5609.418710888239,26,1
Corn_Common_Rust (792).JPG,0.3655853271484375,7024.6226448769685,27,1
Corn_Common_Rust (793).JPG,0.3930511474609375,7709.803075801476,10,1
Corn_Common_Rust (794).JPG,0.1089935302734375,6008.915091276006,12,1
Corn_Common_Rust (795).JPG,0.388092041015625,6208.838677907583,29,1
Corn_Common_Rust (796).JPG,0.5457763671875,6437.462772767737,19,1
Corn_Common_Rust (797).JPG,0.507904052734375,8739.48258172125,11,1
Corn_Common_Rust (798).JPG,0.4144134521484375,7522.984481657054,21,1
Corn_Common_Rust (799).JPG,0.0736236572265625,5818.889436023373,29,1
Corn_Common_Rust (8).jpg,0.31147112388664616,453.78939393099125,496,1
Corn_Common_Rust (80).JPG,0.0321044921875,5702.468187727857,20,1
Corn_Common_Rust (800).JPG,0.2000579833984375,4952.0000589736255,30,1
Corn_Common_Rust (801).JPG,0.24652099609375,5118.267871597434,33,1
Corn_Common_Rust (802).JPG,0.022979736328125,5449.033114545927,12,1
Corn_Common_Rust (803).JPG,0.0175628662109375,7648.09552542055,9,1
Corn_Common_Rust (804).JPG,0.2111358642578125,4877.736513010562,35,1
Corn_Common_Rust (805).JPG,0.4376220703125,6538.344328675603,33,1
Corn_Common_Rust (806).JPG,0.6128997802734375,6246.941522549792,2,1
Corn_Common_Rust (807).JPG,0.0130615234375,4773.420966280168,8,1
Corn_Common_Rust (808).JPG,0.0213623046875,3962.6790078938448,11,1
Corn_Common_Rust (809).JPG,0.05328369140625,5268.033888292919,26,1
Corn_Common_Rust (81).JPG,0.0267181396484375,6065.637742112534,14,1
Corn_Common_Rust (810).JPG,0.0159149169921875,10427.763477640092,7,1
Corn_Common_Rust (811).JPG,0.024169921875,7396.358860137278,15,1
Corn_Common_Rust (812).JPG,0.54986572265625,7716.151167873692,4,1
Corn_Common_Rust (813).JPG,0.4176177978515625,6982.624146325717,33,1
Corn_Common_Rust (814).JPG,0.2939300537109375,6875.68759087469,40,1
Corn_Common_Rust (815).JPG,0.7019805908203125,5665.007029446819,1,1
Corn_Common_Rust (816).JPG,0.2900543212890625,7421.175041806102,48,1
Corn_Common_Rust (817).JPG,0.175994873046875,7612.938935857184,43,1
Corn_Common_Rust (818).JPG,0.0711822509765625,9414.571368459285,33,1
Corn_Common_Rust (819).JPG,0.0412750244140625,5640.031575566983,27,1
Corn_Common_Rust (82).JPG,0.0098114013671875,8106.5438852533625,3,1
Corn_Common_Rust (820).JPG,0.1173248291015625,5642.362336543112,26,1
Corn_Common_Rust (821).JPG,0.1406097412109375,5617.586215908623,35,1
Corn_Common_Rust (822).JPG,0.3495330810546875,6685.747687210696,30,1
Corn_Common_Rust (823).JPG,0.4420623779296875,8400.55236372725,12,1
Corn_Common_Rust (824).JPG,0.39617919921875,5512.072753874644,24,1
Corn_Common_Rust (825).JPG,0.278045654296875,6751.549827178406,35,1
Corn_Common_Rust (826).JPG,0.1402130126953125,6619.765162356315,41,1
Corn_Common_Rust (827).JPG,0.0570068359375,5406.655184696323,22,1
Corn_Common_Rust (828).JPG,0.041961669921875,3982.603807579845,18,1
Corn_Common_Rust (829).JPG,0.03594970703125,4141.134896412612,21,1
Corn_Common_Rust (83).JPG,0.04931640625,5988.531020238885,13,1
Corn_Common_Rust (830).JPG,0.0985260009765625,6203.632338930593,24,1
Corn_Common_Rust (831).JPG,0.289306640625,7915.894930925321,13,1
Corn_Common_Rust (832).JPG,0.4728546142578125,8647.562326984822,11,1
Corn_Common_Rust (833).JPG,0.2474517822265625,6070.351888786838,52,1
Corn_Common_Rust (834).JPG,0.44903564453125,7430.337592432337,37,1
Corn_Common_Rust (835).JPG,0.6118927001953125,8714.054825103212,4,1
Corn_Common_Rust (836).JPG,0.268280029296875,7363.66986932128,31,1
Corn_Common_Rust (837).JPG,0.520294189453125,8279.843958147867,5,1
Corn_Common_Rust (838).JPG,0.430450439453125,8160.282179678758,18,1
Corn_Common_Rust (839).JPG,0.515594482421875,11006.358919530965,15,1
Corn_Common_Rust (84).JPG,0.129058837890625,7846.882506125094,35,1
Corn_Common_Rust (840).JPG,0.3471527099609375,9736.864577396434,22,1
Corn_Common_Rust (841).JPG,0.1117706298828125,9376.954489365819,32,1
Corn_Common_Rust (842).JPG,0.1587371826171875,8302.519206813115,44,1
Corn_Common_Rust (843).JPG,0.6065216064453125,8773.060403891322,6,1
Corn_Common_Rust (844).JPG,0.6292572021484375,8571.680505515573,1,1
Corn_Common_Rust (845).JPG,0.4153594970703125,8039.58892259314,10,1
Corn_Common_Rust (846).JPG,0.2238616943359375,7455.1727024212605,17,1
Corn_Common_Rust (847).JPG,0.0673980712890625,8839.659414486177,27,1
Corn_Common_Rust (848).JPG,0.01568603515625,5848.426871762365,6,1
Corn_Common_Rust (849).JPG,0.3344268798828125,7675.338693453559,33,1
Corn_Common_Rust (85).JPG,0.0261993408203125,9234.962869689869,11,1
Corn_Common_Rust (850).JPG,0.2973785400390625,8845.607500880049,24,1
Corn_Common_Rust (851).JPG,0.2795867919921875,7239.375506365325,30,1
Corn_Common_Rust (852).JPG,0.3706817626953125,7449.648108838601,28,1
Corn_Common_Rust (853).JPG,0.4140625,8501.710962248968,1,1
Corn_Common_Rust (854).JPG,0.24969482421875,6878.079251909377,60,1
Corn_Common_Rust (855).JPG,0.3058624267578125,8955.396291793124,32,1
Corn_Common_Rust (856).JPG,0.3542938232421875,9677.665508056285,11,1
Corn_Common_Rust (857).JPG,0.2196197509765625,7902.176190397029,9,1
Corn_Common_Rust (858).JPG,0.1058502197265625,8533.977587161746,29,1
Corn_Common_Rust (859).JPG,0.5132598876953125,10221.78115701763,18,1
Corn_Common_Rust (86).JPG,0.1428680419921875,9913.92291700569,39,1
Corn_Common_Rust (860).JPG,0.412750244140625,9911.407538663558,16,1
Corn_Common_Rust (861).JPG,0.2602691650390625,9479.57784811447,34,1
Corn_Common_Rust (862).JPG,0.3373870849609375,7222.3508860121165,29,1
Corn_Common_Rust (863).JPG,0.0801544189453125,9796.728168380261,18,1
Corn_Common_Rust (864).JPG,0.10882568359375,6462.60423247346,28,1
Corn_Common_Rust (865).JPG,0.3072967529296875,8245.621628016652,22,1
Corn_Common_Rust (866).JPG,0.317413330078125,7661.299678722433,24,1
Corn_Common_Rust (867).JPG,0.074066162109375,8171.499637301015,25,1
Corn_Common_Rust (868).JPG,0.1488494873046875,8832.24592424946,43,1
Corn_Common_Rust (869).JPG,0.1993255615234375,10449.31003794587,36,1
Corn_Common_Rust (87).JPG,0.0250244140625,4354.618093545204,13,1
Corn_Common_Rust (870).JPG,0.131072998046875,6513.4251969938,26,1
Corn_Common_Rust (871).JPG,0.0459136962890625,4764.027900608984,29,1
Corn_Common_Rust (872).JPG,0.03369140625,4342.186337159024,17,1
Corn_Common_Rust (873).JPG,0.233123779296875,6457.430272237237,43,1
Corn_Common_Rust (874).JPG,0.37481689453125,7392.865793709497,26,1
Corn_Common_Rust (875).JPG,0.3739013671875,7221.315424795135,26,1
Corn_Common_Rust (876).JPG,0.3116912841796875,6283.429065281123,38,1
Corn_Common_Rust (877).JPG,0.2714996337890625,7174.098117268895,41,1
Corn_Common_Rust (878).JPG,0.0916748046875,5191.948408890998,36,1
Corn_Common_Rust (879).JPG,0.086273193359375,5610.813645212729,24,1
Corn_Common_Rust (88).JPG,0.1824188232421875,7503.345746306331,45,1
Corn_Common_Rust (880).JPG,0.0856475830078125,6347.58231715711,34,1
Corn_Common_Rust (881).JPG,0.02911376953125,5791.363883065003,13,1
Corn_Common_Rust (882).JPG,0.054595947265625,5915.512563254725,21,1
Corn_Common_Rust (883).JPG,0.2468719482421875,5119.889312730007,43,1
Corn_Common_Rust (884).JPG,0.0837554931640625,2875.7196822804117,32,1
Corn_Common_Rust (885).JPG,0.0664520263671875,3573.7935449010743,24,1
Corn_Common_Rust (886).JPG,0.1765289306640625,7772.750549278079,40,1
Corn_Common_Rust (887).JPG,0.107818603515625,7070.300741134901,25,1
Corn_Common_Rust (888).JPG,0.0599212646484375,4335.462648954479,23,1
Corn_Common_Rust (889).JPG,0.0577545166015625,7511.6348840676,26,1
Corn_Common_Rust (89).JPG,0.0906829833984375,8464.919308524046,33,1
Corn_Common_Rust (890).JPG,0.0298919677734375,6627.833890464315,11,1
Corn_Common_Rust (891).JPG,0.082672119140625,3860.370500958373,25,1
Corn_Common_Rust (892).JPG,0.0125885009765625,6406.664751231117,5,1
Corn_Common_Rust (893).JPG,0.1771240234375,6682.830598490289,27,1
Corn_Common_Rust (894).JPG,0.011199951171875,4531.560469734316,3,1
Corn_Common_Rust (895).JPG,0.0428466796875,6013.645865875451,16,1
Corn_Common_Rust (896).JPG,0.017578125,8021.9765286232305,8,1
Corn_Common_Rust (897).JPG,0.0346832275390625,2915.9585047267874,20,1
Corn_Common_Rust (898).JPG,0.034454345703125,6211.231630943906,14,1
Corn_Common_Rust (899).JPG,0.0648193359375,6495.002001571018,22,1
Corn_Common_Rust (9).jpg,0.2642437660219063,9681.761360165885,51,1
Corn_Common_Rust (90).JPG,0.027008056640625,5101.934196216304,13,1
Corn_Common_Rust (900).JPG,0.243133544921875,6695.352528886808,42,1
Corn_Common_Rust (901).JPG,0.2960968017578125,6431.0971779378215,35,1
Corn_Common_Rust (902).JPG,0.3363494873046875,6647.56403735309,37,1
Corn_Common_Rust (903).JPG,0.283660888671875,6816.574434210488,48,1
Corn_Common_Rust (904).JPG,0.0918731689453125,7198.547326273758,40,1
Corn_Common_Rust (905).JPG,0.131256103515625,7088.91363178383,63,1
Corn_Common_Rust (906).JPG,0.09918212890625,8759.80971598666,39,1
Corn_Common_Rust (907).JPG,0.3838043212890625,9180.247443628014,8,1
Corn_Common_Rust (908).JPG,0.301361083984375,8958.441195506715,14,1
Corn_Common_Rust (909).JPG,0.323028564453125,6968.6792875714755,31,1
Corn_Common_Rust (91).JPG,0.0252227783203125,7285.138597874109,12,1
Corn_Common_Rust (910).JPG,0.4340667724609375,8304.253876708688,4,1
Corn_Common_Rust (911).JPG,0.406341552734375,8307.994057005018,6,1
Corn_Common_Rust (912).JPG,0.1712646484375,6032.77044994702,43,1
Corn_Common_Rust (913).JPG,0.0853118896484375,6208.972064826209,26,1
Corn_Common_Rust (914).JPG,0.034759521484375,6990.975627664109,18,1
Corn_Common_Rust (915).JPG,0.045684814453125,6121.669287987705,20,1
Corn_Common_Rust (916).JPG,0.269927978515625,8406.491112849471,26,1
Corn_Common_Rust (917).JPG,0.1214141845703125,8612.093682298617,31,1
Corn_Common_Rust (918).JPG,0.1381683349609375,6884.300164937471,50,1
Corn_Common_Rust (919).JPG,0.0206451416015625,5870.235462014805,10,1
Corn_Common_Rust (92).JPG,0.1997528076171875,6495.71120660614,51,1
Corn_Common_Rust (920).JPG,0.042724609375,6001.999282123507,17,1
Corn_Common_Rust (921).JPG,0.019805908203125,5893.040240328147,9,1
Corn_Common_Rust (922).JPG,0.12664794921875,8655.407946716687,32,1
Corn_Common_Rust (923).JPG,0.07354736328125,9208.481335221531,25,1
Corn_Common_Rust (924).JPG,0.040618896484375,8896.530960880453,4,1
Corn_Common_Rust (925).JPG,0.0364532470703125,9239.558345899663,11,1
Corn_Common_Rust (926).JPG,0.037689208984375,7060.280636371272,15,1
Corn_Common_Rust (927).JPG,0.132354736328125,7073.572643458548,34,1
Corn_Common_Rust (928).JPG,0.1938018798828125,7665.44216900874,20,1
Corn_Common_Rust (929).JPG,0.2864532470703125,6992.381853485664,21,1
Corn_Common_Rust (93).JPG,0.0963592529296875,7770.799267660469,43,1
Corn_Common_Rust (930).JPG,0.1950225830078125,7493.4823899917865,17,1
Corn_Common_Rust (931).JPG,0.0622711181640625,6232.120803312775,29,1
Corn_Common_Rust (932).JPG,0.0415191650390625,6292.239173743216,19,1
Corn_Common_Rust (933).JPG,0.018096923828125,6088.809375480105,11,1
Corn_Common_Rust (934).JPG,0.0611724853515625,6527.672212792598,25,1
Corn_Common_Rust (935).JPG,0.1061248779296875,7526.980196062159,31,1
Corn_Common_Rust (936).JPG,0.1704254150390625,8536.945984656848,16,1
Corn_Common_Rust (937).JPG,0.2399749755859375,6278.007579013358,13,1
Corn_Common_Rust (938).JPG,0.392425537109375,9243.109292011035,3,1
Corn_Common_Rust (939).JPG,0.3140106201171875,8067.564695918156,11,1
Corn_Common_Rust (94).JPG,0.155181884765625,11265.515892144333,29,1
Corn_Common_Rust (940).JPG,0.0732879638671875,6013.917525735527,27,1
Corn_Common_Rust (941).JPG,0.0492095947265625,4859.479054534341,25,1
Corn_Common_Rust (942).JPG,0.1058807373046875,7632.116113487246,43,1
Corn_Common_Rust (943).JPG,0.254302978515625,7529.256810293044,35,1
Corn_Common_Rust (944).JPG,0.2681121826171875,7747.33288238401,40,1
Corn_Common_Rust (945).JPG,0.2328033447265625,6284.763060420965,33,1
Corn_Common_Rust (946).JPG,0.13055419921875,7358.238742408713,39,1
Corn_Common_Rust (947).JPG,0.07177734375,8799.709211590274,18,1
Corn_Common_Rust (948).JPG,0.0242767333984375,7111.546246574404,14,1
Corn_Common_Rust (949).JPG,0.250152587890625,5588.173647677628,36,1
Corn_Common_Rust (95).JPG,0.202972412109375,10313.318647353724,21,1
Corn_Common_Rust (950).JPG,0.3614044189453125,6254.927183954504,15,1
Corn_Common_Rust (951).JPG,0.3125,9823.959691748001,27,1
Corn_Common_Rust (952).JPG,0.024200439453125,5580.566916497783,18,1
Corn_Common_Rust (953).JPG,0.0514984130859375,5664.281409666765,18,1
Corn_Common_Rust (954).JPG,0.1189117431640625,7107.268979567587,28,1
Corn_Common_Rust (955).JPG,0.0810394287109375,7669.7025034979,17,1
Corn_Common_Rust (956).JPG,0.0585174560546875,7890.6815793069245,19,1
Corn_Common_Rust (957).JPG,0.074432373046875,6143.587616931563,23,1
Corn_Common_Rust (958).JPG,0.0567474365234375,8774.526529337505,29,1
Corn_Common_Rust (959).JPG,0.125274658203125,6881.175156927522,32,1
Corn_Common_Rust (96).JPG,0.2693023681640625,7796.114660233166,35,1
Corn_Common_Rust (960).JPG,0.2240142822265625,8152.337014151489,23,1
Corn_Common_Rust (961).JPG,0.3526153564453125,8080.123454029399,17,1
Corn_Common_Rust (962).JPG,0.2605133056640625,8730.748487265639,39,1
Corn_Common_Rust (963).JPG,0.3353271484375,7490.915723355135,43,1
Corn_Common_Rust (964).JPG,0.3117218017578125,7877.797324023036,36,1
Corn_Common_Rust (965).JPG,0.498199462890625,9772.514081505647,23,1
Corn_Common_Rust (966).JPG,0.5717010498046875,8277.348842042054,7,1
Corn_Common_Rust (967).JPG,0.445709228515625,6209.127053798165,15,1
Corn_Common_Rust (968).JPG,0.3409271240234375,10355.809124471438,26,1
Corn_Common_Rust (969).JPG,0.1416015625,5381.491272641835,46,1
Corn_Common_Rust (97).JPG,0.214935302734375,9132.781400730753,56,1
Corn_Common_Rust (970).JPG,0.021026611328125,4315.556214147201,7,1
Corn_Common_Rust (971).JPG,0.1665496826171875,5011.654308704141,20,1
Corn_Common_Rust (972).JPG,0.240692138671875,6421.64744809938,27,1
Corn_Common_Rust (973).JPG,0.337158203125,7985.452789761022,32,1
Corn_Common_Rust (974).JPG,0.3866119384765625,7695.795355495287,14,1
Corn_Common_Rust (975).JPG,0.2056732177734375,9702.961376573312,30,1
Corn_Common_Rust (976).JPG,0.3664703369140625,11650.734321390777,14,1
Corn_Common_Rust (977).JPG,0.38232421875,11079.147055099558,10,1
Corn_Common_Rust (978).JPG,0.02947998046875,3623.5094046709146,21,1
Corn_Common_Rust (979).JPG,0.0969390869140625,5706.303564975722,30,1
Corn_Common_Rust (98).JPG,0.0640869140625,6631.07117837971,31,1
Corn_Common_Rust (980).JPG,0.139312744140625,6804.5532318058085,30,1
Corn_Common_Rust (981).JPG,0.118438720703125,7336.763218431172,38,1
Corn_Common_Rust (982).JPG,0.07183837890625,6855.011171990277,22,1
Corn_Common_Rust (983).JPG,0.064239501953125,7719.872583546869,21,1
Corn_Common_Rust (984).JPG,0.07391357421875,6427.130403583239,18,1
Corn_Common_Rust (985).JPG,0.0525054931640625,4882.380302153483,24,1
Corn_Common_Rust (986).JPG,0.123046875,6048.251280167447,32,1
Corn_Common_Rust (987).JPG,0.23529052734375,6671.922361815848,42,1
Corn_Common_Rust (988).JPG,0.0132598876953125,5537.589138778336,4,1
Corn_Common_Rust (989).JPG,0.011688232421875,5744.861912151652,5,1
Corn_Common_Rust (99).JPG,0.1762542724609375,11511.627519127425,51,1
Corn_Common_Rust (990).JPG,0.046417236328125,4948.175228521872,24,1
Corn_Common_Rust (991).JPG,0.034912109375,4698.067104343127,20,1
Corn_Common_Rust (992).JPG,0.021514892578125,5238.092055503124,13,1
Corn_Common_Rust (993).JPG,0.0632781982421875,6154.954694441662,37,1
Corn_Common_Rust (994).JPG,0.0794219970703125,4812.770383670837,30,1
Corn_Common_Rust (995).JPG,0.0902862548828125,5796.622643300641,27,1
Corn_Common_Rust (996).JPG,0.05615234375,5565.254208913417,23,1
Corn_Common_Rust (997).JPG,0.053009033203125,6061.9963442164035,19,1
Corn_Common_Rust (998).JPG,0.1274261474609375,7387.259777996705,32,1
Corn_Common_Rust (999).JPG,0.18505859375,5781.5764550060485,36,1
